UPC,Description,Cost,Price,,Scanned Count
1,MOLA BLK 250G ,2.99,4.49,,0
2,MONGLAI ,0.2,0.99,,0
3,EGGROLL ,0.25,1,,0
4,HILSHA(SLICE) ,7,10.29,,0
5,GOAT HEAD ,3,11.99,,0
9,DAL PURI ,1.49,2.49,,0
10,MAJESTIC MEDJOOL DATES ,34,47.99,,0
11,Garam Masala Whole RK ,1.99,2.69,,0
1037,GREEN PEAS FRIED,1.79,2.59,,0
1119,MY CASHEW WHL 14OZ,5,7.99,,0
1120,MY CASHEW WHOLE 7OZ,2.7,3.99,,0
1122,MAYOORI SOJI 2 LB,2,2.99,,0
1143,MAYOORI WHOLE PEANUT 7 OZ,0.85,1.89,,0
1154,CARDAMOM 3.5 OZ,4.25,5.99,,0
1155,CARDAMOM 2 OZ,3.95,5.59,,0
1191,MAYOORI PEANUT W/OUT SKIN,1.2,1.99,,0
1215,BAY LEAF,,2.99,,0
1234,mayoori Cinnamon skin 2 oz,1.5,2.29,,0
1261,MAYOORI DAL 2LB,,3.99,,0
1363,MAYOORI CUMIN 14 OZ,3.8,5.59,,0
1364,cumin 7oz,0.24,3.49,,0
1451,G/L FULL ,8.79,11.49,,0
1517,MAYOORI,1.65,2.29,,0
1573,MAYOORI CHILLI PDR KASMIRI 14OZ,2.875,3.99,,0
1579,MAYOORI CHILLI PDR KASMIRI 7OZ,1.49,2.49,,0
1635,MAYOORI PUJJA NUT ,1.79,2.49,,0
3002,FENNEL POWDER 7OZ,1.25,1.99,,0
4593,LONG CUCUMBER ,1.21,1.99,,0
13102,AJWAN POWDER 7OZ,1.7,2.29,,0
13403,MY AJINOMOTO 100GM,2.45,3.99,,0
16056,garam masala powder 7oz,2.5,3.99,,0
16062,CUMIN,2.99,4.99,,0
23422,ANIMAL CUTTING ,0.1,0.75,,0
23542,GREEN BANANNA ,1.79,2.59,,0
25187,MY BLK PEPER 3.5OZ,2.99,4.99,,0
25400,FENNEL SEED 3.5 OZ,1.25,1.99,,0
25649,MAYOORI FAR FAR SQUARE ,0.94,1.29,,0
25732,MAYOORI FAR FAR PIPE ,0.94,1.29,,0
25898,MAYOORI FAR FAR BHINDI ,0.94,1.29,,0
145122,G/L WITH BONE MIX ,8.79,11.99,,0
232452,HILSHA 2000 ,14.99,18.99,,0
234567,KORAL 5KGUP ,,6.99,,0
511792,Halal Duck ,3.91,6.99,,0
511793,CKN 65 ,3.94,7.49,,0
511794,BEEF PAIA ,4.99,5.99,,0
511795,SAMS MUT ,0.5,1,,0
511796,SAMS CKN ,0.5,1,,0
511797,HARD CKN ,2.2,3.99,,0
613555,MY BLK MUSTARD PDW,3.99,4.99,,0
747272,PUTI 1KG UP ,2.49,3.99,,0
758538,HILSHA 12/15 ,9,12.99,,0
765181,KATLA 4KGUP ,1.99,3.99,,0
982422,FROZEN SMELT FISH 1 LB ,2.75,3.99,,0
1211821,MY CORRIANDE PD 7OZ,0.99,1.99,,0
1231312,Beef Bone,3.29,2.99,,0
1351313,JALAPENO PEPPER,0.75,0.99,,0
1354111,GOAT BIRANYI ,5.99,9.99,,0
1364008,HEINZ KETCHUP,3.48,4.99,,0
1451223,G/L LEG ,8.79,13.99,,0
1451224,G/L CHOPS ,8.79,13.99,,0
1451225,G/L LIVER ,8.79,7.99,,0
1451226,G/L BONELESS ,8.79,16.99,,0
1451227,G/L GROUND KEEMA ,8.79,16.99,,0
1451228,G/L FROZEN KEEMA ,8.79,12.49,,0
1451229,G/L BRAIN ,8.79,11.99,,0
1451301,BEEF WITH BONE ,4.99,5.99,,0
1451302,BEEF BONELESS ,4.99,7.99,,0
1451303,BEEF WITH RIBS ,4.99,5.99,,0
1451304,BEEF FRONT LEG 1451304,4.99,6.99,,0
1451305,BEEF LIVER ,4.99,4.99,,0
1451306,GROUND BEEF ,3.99,7.99,,0
1451307,BEEF BRAIN ,4.99,12.99,,0
1451308,FROZEN KEEMA ,2.99,6.99,,0
1451309,BEEF PICANHA ,2.99,7.99,,0
1451310,BEEF HEAD ,5,25.99,,0
1665465,CABBAGE,0.75,0.99,,0
1857291,HALAL TURKEY ,1.19,3.59,,0
2020232,CHITAL 4KG UP ,4.5,6.99,,0
2134222,PUMPKIN ,1.13,1.59,,0
2141211,LEMON ,0.15,0.25,,0
2342225,KORAL 2 UP ,3.99,6.99,,0
2342322,POMPRET ND ,3.99,4.99,,0
2352135,GOAT CURRY ,8.29,14.99,,0
2352311,ROSE MASOR DAL 2 LB ,1.5,2.99,,0
2352312,ROSE MASOR DAL 4 LB ,4.5,5.99,,0
2892379,MRIGAL 6KG/7KG ,3.29,5.59,,0
4567890,BEEF MIX DISC,3.29,4.49,,0
6969696,HILSHA 15/18 ,12.99,16.99,,0
7658996,CKN BIRYNI ,4.99,7.99,,0
8067007,STARKIST WHITE TUNA ,1.19,1.79,,0
8067104,STARKIST WHITE ,1.19,1.79,,0
8067308,STARKIST TUNA ,1.55,2.29,,0
8660533,BUMBLE WHITE TUNA ,1.56,2.29,,0
8727272,ALA UDDIN SWEETS ,5,6.69,,0
8727273,BAGABARI GHEE 450G,9.99,14.99,,0
9283732,KATLA 2KG/3KG ,1.75,2.99,,0
9922211,OKRA ,3.29,3.99,,0
9922212,CARLIFLOWER ,3.75,4.99,,0
9922213,CILANTRO ,0.62,0.5,,0
9922214,GREEN CHILLI ,1.99,3.29,,0
9922215,ROMA TOMATO ,0.98,1.49,,0
9922216,EGG PLANT FANCY ,1.29,1.99,,0
9922217,PARVAL ,4,5.99,,0
9922218,GREEN PLAINT ,0.99,1.99,,0
9922219,ARVI ,2,2.99,,0
9922220,WHITE POTATOES ,1.29,1.99,,0
9922221,VALOR FLAT ,1.29,1.99,,0
12118901,COW CURRY ,5,7.99,,0
12118902,LAMB CURRY ,8,14.99,,0
12118909,CHICKEN CURRY ,1.36,4.99,,0
12311111,HILSHA 8/10 ,10,18.99,,0
12312121,MALANGA ,2.49,3.29,,0
12312311,BAGHABARI GHEE 900GM,,27.99,,0
12341111,CATALINA MANGO ,11.5,13.99,,0
14572143,CKN WHOLE ,4.67,7.99,,0
16654646,KORAL 4KG UP,4.5,6.49,,0
21542522,ONION RED 25LB ,18.5,22.99,,0
22441245,FROZEN BLOCK (JC) TAPOSHI X 50 ,7,9.29,,0
23423424,BEEF T-BONE STAKE ,4.99,8.99,,0
23525222,ONION 25LB RED ,17,22.99,,0
32456789,PATTES ,0.5,1.99,,0
45231233,ZAMZAM WATER ,3.5,5,,0
65089149,BUTTER COOKIES WF ,2.99,4.29,,0
65089248,Cake Rusk(WF) ,2.99,3.99,,0
65089439,Raisin Cookies (WF) ,2.99,3.99,,0
65089446,Lachcha Semai (WF) (400g) ,2.75,4.39,,0
66778899,LADOO ,4,5.99,,0
68708967,1.76358E+12,1.99,14.99,,0
72222551,KORAL 3KG UP ,3.99,5.99,,0
77669652,NUT MEG WHOLE PKT ,2.75,3.69,,0
78588448,HILSHA 10/12 ,7.4997,10.99,,0
79843647,ROHU 3KG / 4KG ,2.25,3.79,,0
88277222,MRIGAL 5KG ,3.29,4.99,,0
96133262,CADBURY DAIRY MILK WHL NUT ,0.96,1.99,,0
98347934,SWAI 1KGUP ,2.99,5.99,,0
99554486,ROHU 5KG UP ,2.35,3.99,,0
121189045,PEELED GARLIC ,4.99,6.99,,0
121189065,MAJESTIC MEDJOOL ,2.99,4.99,,0
121241241,Hilsha 5/8,12.99,18.99,,0
123412434,Dates 11LB,27,39.99,,0
234222522,BEEF NEHARI/SHANK ,3.29,7.99,,0
234232222,MRIGAL 4KG ,3.1,4.59,,0
234234222,RED SNAPPER ,4.5,7.99,,0
234234242,LAUKI / BOTTLE GAURD ,1.49,1.99,,0
313132132,ICEBERG LETTUCE,1.69,2.49,,0
323112413,SMELT FISH ,2.75,4.59,,0
323112414,MRIGAL 3 ,2.65,4.49,,0
323112415,MRIGAL 6U ,3.5,5.89,,0
323112416,ROHU 3U ,1.59,2.99,,0
323112417,ROHU 4U ,1.7897,3.49,,0
323112418,ROHU 5U ,1.9897,3.99,,0
323112419,SWAI WHOLE ,3.5,5.89,,0
323112420,KATLA ,2,3.29,,0
323112421,BATA IQF ,12,17.69,,0
323112423,BAILLA BLOCK (JC) ,4.5,7.49,,0
323112424,CHAPILA BLK ,2,3.39,,0
323112425,(JC) HILSHA BLK ,7,9.99,,0
323112426,(FB) KOI BLK ,4,6.69,,0
323112427,(JC) MIXED BLK ,2,3.39,,0
323112428,MOLA BLK (JC) ,2.25,3.79,,0
323112432,(JC) TAPOSHI ,7,9.99,,0
323112440,ROHU EGG BLK ,3,5,,0
743737122,LAKKA ,5.99,7.99,,0
786106567,TATKA CHANACHUR,2.99,3.99,,0
872727398,SEA KING DRY SHRIMP FISH 200 G ,5,6.79,,0
882927472,MRIGAL 2KG/ 3KG ,2,3.99,,0
938723872,HARD CKN BABY ,2.55,3.99,,0
992221412,GREEN CHILLI .5LB ,0.29,1.49,,0
1074800012,Zabra super basmati xtra ,15.49,19.99,,0
1211890123,PRAYER MAT ,2.5,3.99,,0
1212121241,BAGHABARI GHEE 250G,5.99,8.99,,0
1231231111,CKN Q HALF BOX,11.67,26.99,,0
1243241411,CKN THIGH,1.54,3.99,,0
1244451441,HILSHA EGG 200G ,9.99,13.99,,0
2134234242,Onion Loose,0.94,1.49,,0
2234252236,LYCHEE ,5.3,7.99,,0
2444782242,ZIRA CUT ,0.5,2.99,,0
3274972934,GARLIC LOOSE ,2.5,3.99,,0
4082762559,SWAD MAIDA 7LB ,5.33,7.99,,0
5858484443,KATLA 5KG ,2.25,3.29,,0
6515165165,FB HILSHA EGG,11,14.99,,0
7862212320,PREETI ZELABI,6,8.99,,0
8396300609,10 VEGE SAMOSAS SHAHIA ,3.65,4.99,,0
8758587832,ROHU 1KG / 2KG ,2,3.29,,0
11156000103,TETLEY BOX ,8.5,11.99,,0
11156000110,TETLEY LOOSE LEAF TEA ,4.5,7.99,,0
11156000141,TETLY GINGER ,4,5.99,,0
11156000158,TETLY MASALA ,4,5.99,,0
11156000318,TETLEY 80 BAG ,4,5.99,,0
11156054502,TETLY BRITISH 80BG ,4.5,5.99,,0
11433071130,CORIANDER SEEDS 400G ,1.99,3.99,,0
11433118330,MIRCH MASALA PURI ,2.75,4.29,,0
11433120258,BANSI CHORA VADI ,2.5,3.79,,0
11433120432,DEEP RED CHILI 100G ,2,2.99,,0
11433150064,DEEP PARATHA 011433150064,2.49,3.99,,0
11433150095,DEEP TANDOORI NAAN ,2.49,3.99,,0
11433150811,DEEP NAN FAMILY ,7.75,11.99,,0
11433151054,DEEP FAMILY PATHARA ,5.8,8.99,,0
11433152723,DEEP RED POHA ,2.3,3.99,,0
11433159937,DEEP SHREDDED COCONTUT,,8.99,,0
11433161282,DEEP GARLIC NAAN FAMILY PACK ,6.75,8.99,,0
11433164498,DEEP TANDOORI NAAN ,6.875,8.99,,0
12042001051,KCB CAKE RUSK ,5.41,7.99,,0
12042001068,KCB CAKE RUSH SP ,2.83,4.29,,0
12042001099,KCB VEG CAKE RUSK ,5,7.99,,0
12042001709,KCB CAKE RUSK FENNEL ,5.29,5.99,,0
12118901234,PRYAER AMT,,4.99,,0
12118906320,ZK SALTED COOKIES ,3.25,4.49,,0
12118906321,ZK OVALTINE COOKIES ,3.25,4.49,,0
12118906322,ZK PEANUT COOKIES ,3.25,4.49,,0
12118906323,ZK COCO COOKIES ,3.25,4.49,,0
12118906324,ZK COCONUT COOKIES ,3.25,4.49,,0
12118906519,HM MENDI ,0,5,,0
12312412413,Prayer Mat BD,6,29.99,,0
12432221411,CKN GD KEEMA ,1.725,4.99,,0
12932221411,CKN LEG QTR ,0.9237,1.99,,0
12932251412,CKN DRUMSTK ,0.97,3.99,,0
12932251413,CKN LIVER ,0.65,2.99,,0
12932251414,CKN BRST ,1.47,3.99,,0
12932251415,CKN WINGS ,1.72,4.59,,0
12932251416,BANANA ,0.24,0.59,,0
12932251423,CKN Q BOX ,36.95,49.99,,0
13256830406,Grand choice ,0.79,1.09,,0
14141421222,BEEF STOMACH ,4.61,6.99,,0
14500021007,BIRDEYE SWEET PEAS ,1.1,1.99,,0
14500021281,BIRDEYE MIXED VEG ,1.1,1.99,,0
16229901141,FOCO COCONUT JUICE SMALL ,1.38,1.99,,0
19900003233,CG BAKING POWDER,2.63,3.99,,0
21000611461,VELVEETA SLICES ,2.99,4.99,,0
21000658831,KRAFT MACARONI & CHEESE ,1.25,2.99,,0
21100025113,DOUBLE Q PINK SAL ,3.47,4.99,,0
22840404053,ROYAL SWEETS JALEBI ,6,8.99,,0
22840404183,ROYAL ZALEBI SM ,4,5.99,,0
24463061040,CHILLI GARLIC SAUCE 8OZ ,3.5,3.99,,0
24463061057,CHILI GARLIC SAUCE ,2.6,3.99,,0
24463061071,SAMBAL CHILLI PASTE ,2.08,2.99,,0
24463061088,SAMBAL CHILLI PASTE ,5.5,7.99,,0
24463061163,SRIRACHA CHILLI SAUCE 28OZ ,7.5,10.99,,0
25262626262,KATLA 6KG ,2.59,3.99,,0
25749373925,Halal Quail (Spain) ,8.84,11.99,,0
27000390146,HUNTS TOMATO SAUCE ,0.93,1.49,,0
28000088064,MAGGI CHICKEN FLAVOR ,0.4,0.69,,0
28000469719,NIDO MILK 400G ,7.99,11.99,,0
30000011805,OATS,2.99,3.99,,0
32394010075,KONTOS GYRO NAAN ,2.59,3.99,,0
32894010278,CA RED KIDNEY BEANS ,1.32,1.99,,0
32894010308,CA PRE FAVA BEANS ,1.03,1.59,,0
33200011101,AH BAKING SODA,1.47,2.49,,0
33200011309,BAKING SODA ,0.87,1.99,,0
33383080413,RED DELIC APPLES ,3.19,4.29,,0
33383510101,RED POTATOES 5LB ,3.5,4.99,,0
33383530109,WTE POTATOES ,4.45,6.69,,0
33383533100,yellow potatoes ,2.99,4.99,,0
33383536101,FS POTATOES 5LB,2.1,3.29,,0
33383600024,YELLOW ONION ,2.4937,3.99,,0
33383600512,WHITE ONION ,1.99,3.29,,0
33383601014,RED ONIONS - 2LB,1.99,2.99,,0
33383601021,RED ONION ,3.4375,4.99,,0
33383660011,WHOLE CARROTS,1.35,1.99,,0
35200075534,KRIKLAN WHITE RICE ,16.44,24.99,,0
36632002822,DANNON TOGURT,3.99,4.99,,0
40600034166,BUTTER ORIGINAL ,3.58,4.99,,0
40696012031,ONION WHT BAG ,1.88,2.99,,0
41270028097,IGA CANOLA OIL ,4.39,5.99,,0
41331021647,GOYA COCONUT MILK ,1.88,2.99,,0
41415009134,BREAD CRUMBS 24 OZ ,2,3.49,,0
41415011137,ORIGINAL BREAD CRUMBS ,1.69,2.99,,0
41415012134,BREAD CRUMBS 15 0Z ,1.69,2.99,,0
41430005562,IODIZED SALT,1.99,2.99,,0
41789002168,MARUCHAN RAMAN CHILI FLAVOR ,0.28,0.49,,0
41789002373,maruchan 12pk ,3.28,4.99,,0
43000032275,tang orange 566g ,3.48,4.99,,0
44000047009,OREO COOKIES ,0.46,0.99,,0
44738018432,COCONUT MILK ,2,2.99,,0
44738072311,SWEET CHILLI SAUCE ,1.99,2.79,,0
44738072342,SWEET CHILL SAUCE ,5.5,6.99,,0
47285234690,PEARL ONION ,2.5,3.99,,0
47900507307, BLUE PLA REAL MAYONNAISE ,3.98,5.99,,0
48001213487,HELL REAL MAYONNAISE ,5.48,6.99,,0
48001711273,MAIZENA CORN STARCH ,1.78,2.99,,0
49200007259,DOMINO SUGAR ,2.72,3.99,,0
49200045503,DOMINO SUGAR 4LB ,4.54,5.99,,0
50000334803,NESTLE VANILLA CARAMEL ,4.98,6.99,,0
50000458172,NESTLE CHOCLATE CREME ,4.98,6.99,,0
51179001183,AEROPLANE TAMARIND ,1,1.89,,0
51179100305,SWAD BLACK BEANS ,3,4.99,,0
51179100503,SWAD CHANA DAL 2LB ,1.83,2.49,,0
51179100954,SWAD KABULI CHANA 2LB ,1.93,2.99,,0
51179101159,SWAD KALA CHANA 2LB ,1.75,2.49,,0
51179101173,SWAD KALA CHANA 7LB ,6.16,8.99,,0
51179101258,SWAD KALA CHANA ,3.49,4.99,,0
51179101609,SWAD MASOOR DAL 2LB,1.725,2.99,,0
51179101906,SWAD MASOOR WHOLE 4LB,3.8,5.99,,0
51179102200,SWAD MOONG DAL 2LB ,2.2,2.99,,0
51179102354,SWAD MOONG SPLIT 4lb ,5.5,6.99,,0
51179102378,SWAD MOONG SPLIT 7LB ,7.83,9.99,,0
51179103047,SWAD RED CHORI ,6.5,7.29,,0
51179103153,SOYA WADI 400G ,1.5,2.99,,0
51179103221,SWAD DESI CHORI,5,6.99,,0
51179104969,SWAD URAD WHOLE GOTA ,3.99,4.99,,0
51179105607,SWAD VATANA GREEN 4LB,2.6,3.99,,0
51179105706,SWAD WATANA WHITE 2LB ,2.99,3.99,,0
51179105805,SWAD VATANA WHITE 4LB ,2.6,3.99,,0
51179105904,SWAD WHEAT CRK 2LB,1.6,2.99,,0
51179106109,SWAD HALEEM WHEAT2 LB ,2.1,3.49,,0
51179107007,SWAD CHANA DAL 4LB ,3.3,4.99,,0
51179107021,SWAD CHANA DAL 7LB ,6.33,7.99,,0
51179107052,SWAD KABULI CHANA ,3.49,4.99,,0
51179107205,SWAD MASOOR DAL 4LB ,3.4,4.99,,0
51179107212,SWAD MASSOR DAL 7LB ,6,8.99,,0
51179107250,SWAD MOONG DAL 4LB,4,5.99,,0
51179107274,SWAD MOONG DAL 7LB,7,9.99,,0
51179107304,SWAD MONG WHOLE ,3.99,4.99,,0
51179107403,SWAD TOOR DAL 4lb ,3.99,5.29,,0
51179107458,SWAD URAD DAL 4LB,4.1,5.99,,0
51179107601,SWAD RICE FLOUR 4LB ,2.4,3.49,,0
51179107656,SWAD SUJI ,2.99,4.99,,0
51179107953,SWAD MULTI DAL MIX 4LB ,4.8,6.99,,0
51179108059,SWAD KHICHDI MIS ,6.5,9.99,,0
51179120600,SWAD TAMARIND SEEDLESSS ,1.99,2.69,,0
51179121102,SWAD MASOOR MALKA 4LB,3.5,4.99,,0
51179121157,SWAD MASSOR MALKA 2LB ,1.75,2.99,,0
51179121171,SWAD MASOOR MALKA 7LB,6.1666,8.99,,0
51179151352,SWAD SABUDANA 2LB,1.75,2.99,,0
51179151604,SWAD SABUDANA 4LB,3.5,4.99,,0
51179152007,SWAD SINGODA FLOUR 14 OZ ,2.5,3.59,,0
51179152052,SWAD SINGODA FLOUR ,5,7.39,,0
51179153103,SWAD RAGI FLOUR 28OZ ,2,2.99,,0
51179153158,RAGI FLOWER 3.5LB ,3,4.99,,0
51179170209,SWAD MAIDA 4LB ,3,4.99,,0
51179170551,SWAD KALA CHANA BESAN ,5,6.99,,0
51179170803,SWAD BESAN 4LB ,4,5.99,,0
51179170902,SWAD GARAM FLOUR 4LB ,4.25,5.99,,0
51179171008,SWAD GARAM FLOUR 2LB ,2.18,2.99,,0
51179171053,SWAD MAIDA 2LB ,2.4,3.99,,0
51179171411,SWAD IDLI RAVA,1.4,2.49,,0
51179171473,SWAD IDLI RAVAA 4LB ,3.99,4.99,,0
51179172531,SWAD WHEAT LADU FLOUR ,3.5,4.99,,0
51179174306,SWAD SOOJI 4 LB ,3,4.99,,0
51179174344,SWAD RICE FLOUR 10LB ,6,7.99,,0
51179175204,SWAD SEMOLINA 2 LB ,1.9,2.99,,0
51179175303,SWAD SEMOLINA 4LB ,3.8,5.99,,0
51179176058,SWAD JUWAR FLOUR 4LB ,3.8,4.99,,0
51179190108,SWAD WHOLE ALMONDS 14OZ ,5.6,7.29,,0
51179190801,SWAD CASHEW PIECES 14OZ ,3.5,4.99,,0
51179191075,SWAD WHOLE CASHEWS 7OZ ,3.49,4.49,,0
51179191105,SWAD WHOLE CASHEWS 14OZ ,4.4,6.99,,0
51179191303,SWAD WHOLE CASHEWS 14OZ ,6.35,7.99,,0
51179191600,SWAD COCONUT SLICE ,2.75,3.69,,0
51179191754,SWAD COCONUT FLAKES ,3.75,4.69,,0
51179192300,SWAD JUMBO PEANUTS 140Z ,2.35,2.99,,0
51179192409,SWAD JUMBO PEANUT 28OZ ,2.5,3.99,,0
51179192706,SWAD PEANUTS 4LB ,5.62,7.99,,0
51179192959,SWAD PEANUTS SKINLESS 28OZ ,3.12,4.59,,0
51179193109,SWAD SALTED WHITE PISTA ,5.5,7.99,,0
51179193802,SWAD GREEN PISTACHIOS 14OZ ,9.25,12.99,,0
51179193857,SWAD GREEN PISTACHIOS 200G ,5.5,7.99,,0
51179193901,SWAD GREEN PESTACHIO 28OZ ,18.5,26.99,,0
51179194052,SWAD GOLDEN RAISENS ,2.99,4.97,,0
51179194106,SWAD GOLDEN RAISINS 14OZ ,2.7,3.99,,0
51179194205,SWAD GOLDEN RAISINS 28OZ ,5.4,6.99,,0
51179196001,SWAD NTRL SLIVR ALMD 14OZ ,2.6,3.39,,0
51179196100,SWAD SLICED ALMONDS 14OZ ,3.75,5.99,,0
51179196209,SWAD NATUAL ALMONDS 14OZ ,3.75,4.99,,0
51179200760,SWAD VEGE OIL 3QT,6.5,9.99,,0
51179201903,SWAD COCONUT OIL ,3.5,4.99,,0
51179202108,SWAD VEGETABLE OIL BIG ,35,44.99,,0
51179202146,SWAD CANOLA OIL ,4.5,5.99,,0
51179202160,SWAD CORD OIL ,4.5,5.99,,0
51179202184,SWAD PEANUT OIL ,5.5,6.99,,0
51179202504,SWAD GHEE ,7.5,10.99,,0
51179205239,SWAD CASTOR OIL 500ML ,3.75,4.99,,0
51179212107,SWAD FRYUMS FLATS ,2.5,3.29,,0
51179212275,SWAD FRYUMS FLOWER ,2.5,3.29,,0
51179212282,SWAD FRY UMS MINI RING ,1.99,2.49,,0
51179220102,CORIANDER CHUTNEY ,2.29,3.29,,0
51179220201,SWAD MINT CHUTNEY ,2.66,3.99,,0
51179220300,SWAD TAMARIND CHUT ,2.66,3.99,,0
51179220324,SWAD TAMARIND AND DATES CHUTNE ,2.5,3.29,,0
51179220409,SWAD  GREEN CHILI CHUTNEY ,2.66,3.89,,0
51179220508,SWAD GINGER PASTE ,2.6,4.29,,0
51179220607,SWAD GARLIC PASTE ,3,4.99,,0
51179220614,SWAD GINGER & GARLIC PASTE ,2.66,3.99,,0
51179220652,SWAD TOMATO CHUTNEY ,2.66,3.99,,0
51179220904,SWAD CHILLI GARLIC ,2.5,3.69,,0
51179220911,SWAD MASALA CHILI ,2.5,3.69,,0
51179220935,SWAD HOT&SWEET SAUCE ,2.5,3.69,,0
51179220959,SWAD JAIN TOMATO SAUCE (500MG) ,2.6,3.69,,0
51179221109,SWAD BOMBAY SANDWICH SPREAD ,2.5,3.29,,0
51179224209,SWAD GINGER & GARLIC PASTE ,6.5,7.99,,0
51179224605,SWAD TANDOORI PASTE 25OZ ,8.5,9.99,,0
51179225008,SWAD SWEET & TANGY TOMATO CHUT ,3.5,4.69,,0
51179238954,SWAD TANDOORI PASTE ,3.5,3.69,,0
51179239265,SWAD BOMBAY BHEL-PURI ,2.5,3.29,,0
51179239272,SWAD SAMOSA CHUTNEY ,2.5,3.29,,0
51179240506,SWAD POHA THICK 2L ,1.99,2.69,,0
51179240551,SWAD POHA THICK 4LB ,4,5.99,,0
51179240803,SWAD POHA THIN 2LB ,2.3,3.99,,0
51179241329,swad mamra puffed rice 4 lb ,4.8,6.99,,0
51179241404,SWAD ROASTED CHANA 7OZ ,0.9,1.99,,0
51179241459,SWAD ROASTED CHANA 14 ,1.5,2.99,,0
51179242203,SWAD MANGO PICKLE 17OZ ,2.5,3.99,,0
51179242258,SWAD MIXED PICKLE ,2.5,2.99,,0
51179245706,GOAT PAIA ,6,9.99,,0
51179251205,SWAD RATNAGIRI MANGO PULP ,2.66,3.99,,0
51179267152,SWAD PONNI RICE 10LB ,8.5,12.99,,0
51179267503,SWAD BROWN SONA MAOORI RICE ,16,24.99,,0
51179267602,SWAD BROWN SONA 10 LB ,9,12.99,,0
51179267701,SWAD QUINOA 28 OZ ,3.35,4.99,,0
51179267909,SWAD SONA MASOORI RICE 10LB ,8,12.99,,0
51179268258,SWAD BROWN LONG GRAIN ,11,15.99,,0
51179273726,MASALA KHAKHRA 7 OZ ,0.86,1.39,,0
51179277243,SWAD GOONG DAL ,1.73,2.59,,0
51179277700,SWAD DAL MUTH ,1.73,2.49,,0
51179303539,SWAD PLAIN KHARI ,2.7,3.99,,0
51179309104,PANI PURI KIT ,3.75,5.59,,0
51179309326,SWAD BHEL PURI KIT ,2.9,4.59,,0
51179310209,SWAD AJWAN SEEDS(BISHOP) 7OZ ,2.5,3.29,,0
51179310261,SWAD AJWAIN SEEDS 28OZ ,10.5,11.99,,0
51179310308,AJWAIN SEEDS 140Z ,3.75,5.49,,0
51179311305,SWAD ANARDANA 3.5 ,2,2.99,,0
51179311336,SWAD ANAR POWDER 3.5OZ ,1.5,1.99,,0
51179311831,SWAD ANISTAR 3.5 OZ ,2.5,3.99,,0
51179312302,SWAD BLACK CARDAMON ,2.25,4.99,,0
51179312500,SWAD CARDAMOM BLK 14OZ ,8.25,12.99,,0
51179312890,SWAD WHOLE BLACK PEPER 3.5 ,2.25,3.99,,0
51179312906,SWAD WHOLE BLK PPR ,2.25,2.99,,0
51179313606,SWAD GREEN CARDAMON ,12.99,14.99,,0
51179314603,SWAD CHARMAGAZ 3.5 0Z ,2.25,3.49,,0
51179315006,SWAD CHILLI CRUSHED 7OZ ,2.6,3.29,,0
51179315105,SWAD CHILLI CRUSHED 14OZ ,3.5,4.49,,0
51179315600,SWAD WHOLE CHILLIES 3.5 ,1.75,2.99,,0
51179315709,SWAD WHL CHILLI ,1.75,2.99,,0
51179315808,SWAD CHILI WHOLE,3.5,4.99,,0
51179316607,SWAD CINNAMON ROUND ,2.75,4.99,,0
51179316706,SWAD CINNAMON 14 0Z ,5.5,7.99,,0
51179316898,SWAD CINAMON FLAT ,2.25,3.99,,0
51179316904,SWAD CINNAMON 14 OZ ,4.25,5.99,,0
51179317406,swad cloves 7 oz ,3.75,5.49,,0
51179317505,SWAD WHOLE CLOVES 14OZ ,7.25,10.99,,0
51179317901,SWADCORIANDER SEEDS 7OZ ,1.25,2.29,,0
51179318007,SWAD CORIANDER SEEDS 14OZ ,2.25,3.99,,0
51179318403,SWAD CUMIN SEEDS 7OZ ,2.55,3.99,,0
51179318458,SWAD CUMIN SEED 3.5OZ ,1,1.49,,0
51179318502,SWAD CUMIN SEEDS 14oz ,2.75,4.99,,0
51179318601,SWAD CUMIN SEEDS ,5.5,7.49,,0
51179319806,SWAD DIL SEEDS 7OZ ,1.25,1.99,,0
51179320604,FENNEL,1.99,3.99,,0
51179321564,SWAD FRIED ONION ,1.62,2.39,,0
51179323407,SWAD KALONJI ,1.75,1.99,,0
51179323506,SWAD KALONJI 7OZ,1.25,1.99,,0
51179323605,SWAD KALONJI 14OZ,2.25,3.49,,0
51179323902,SWAD KOKUM 3.6 ,0.9,1.99,,0
51179324404,SWAD BAY LEAVES ,1.75,2.39,,0
51179325104,SWAD MINT LEAVES ,0.75,1.49,,0
51179325807,Swad methi seeds 200g ,1,1.99,,0
51179325906,Swad methi seeds 400g ,2.99,4.99,,0
51179326811,SWAD MUSTARD SEED 56OZ ,7,9.99,,0
51179327061,SWAD NUTMEG WHOLE ,2.75,3.99,,0
51179327405,Swad punch puran 200g ,1.25,1.99,,0
51179327412,SWAD PANCH PURAN ,2.25,3.99,,0
51179328204,SWAD POPPY SEED ,3.75,4.99,,0
51179328303,SWAD POPY SEEDS ,3.5,4.99,,0
51179328709,SWAD TUKMARIA(BASIL) 7OZ ,1.75,2.69,,0
51179328808,SWAD TUKMARIA(BASIL) 14OZ ,3.25,4.99,,0
51179328907,SWAD TUKMARIA 3.5OZ ,1,1.99,,0
51179329300,SWAD SESAME SEEDS  WTE14OZ ,3.6,4.49,,0
51179329607,SWAD SESAME SEEDS 14OZ ,3.6,4.69,,0
51179329829,SWAD SESAME BLK 7OZ ,1.5,1.99,,0
51179340800,SWAD BLACK SALT POWDER ,1.5,2.49,,0
51179340954,SWAD BLACKSLT POWDER 14OZ ,2.75,3.69,,0
51179341906,SWAD CHILLI POWDER 14OZ ,2.75,3.99,,0
51179341920,SWAD CHILLI POWDER KSMIRI 14OZ ,3.7,4.99,,0
51179342507,SWAD CHILLI POWEDER 14OZ ,2.75,3.99,,0
51179343009,SWAD CHILLI POWDER EH ,2.7,4.49,,0
51179343054,SWAD CHILLI POWDER EXTRA HOT 1 ,3.75,4.99,,0
51179343108,SWAD CHILLI 3.5 LB,10.99,15.99,,0
51179343153,SWAD CHILLI POWDER EXTRA HOT 2 ,7.5,8.49,,0
51179344204,SWAD CORIANDER POWDER 7OZ ,1.1,1.99,,0
51179344600,SWAD CUMIN POWER ,1.5,2.99,,0
51179344709,SWAD CUMMAN POWDER 14OZ ,2.75,4.29,,0
51179344808,SWAD CUMMIN POWDER 28OZ ,5.5,9.29,,0
51179345904,SWAD GARAM MASALA POWDER 7OZ ,2.5,3.29,,0
51179346406,SWAD GARLIC POWDER 7OZ ,1,1.99,,0
51179346505,SWAD GARLIC POWER COARSE ,1.75,2.99,,0
51179348301,SWAD JAVENTRI WHOLE 100G ,9.99,14.99,,0
51179348639,SWAD SHAHI JEERA 100G ,3,4.59,,0
51179348707,SWAD MADRAS CURRY POWDER ,2.75,4.29,,0
51179349001,SWAD FENUGREEK PWDR ,0.9,1.29,,0
51179349902,SWAD NUTMEG POWDER 3.5 ,2.25,2.99,,0
51179351301,SWAD TURMERIC PWDER 7OZ ,1.25,1.99,,0
51179351318,SWAD TURMERIC WHOLE 100G ,2.29,3.99,,0
51179351400,SWAD TURMERIC POWDER ,2.25,2.99,,0
51179360013,SWAD EGG YELLOW ,1,1.99,,0
51179360037,SWAD ORANGE FOOD COLOR ,1,1.99,,0
51179360044,SWAD GREEN FOOD COLOR ,1,1.99,,0
51179360051,SWAD RED FOOD COLOR ,1,1.99,,0
51179361980,SWAD KASOORI METHI ,1.13,1.99,,0
51179395251,SWAD MUMBAI MIX MF ,2.5,2.99,,0
51179396654,SWAD PREMIUM DESI MF ,2.5,2.99,,0
51179531109,SWAD ISABGOL BTL ,3.5,3.99,,0
51179610354,SWAD GARAM MASALA PWDER BTL ,1.66,2.29,,0
51179610958,SWAD SESAME SEEDS BTL ,2,2.99,,0
51179850569,SWAD CUMIN SEEDS BIG ,14,15.99,,0
51179860476,SWAD CUMIN POWDER ,11,16.99,,0
51179900721,SWAD PANEER ,5,6.99,,0
51179901766,SWAD GARAM MASALA WHOLE 7OZ ,2,3.99,,0
51179901773,SWAD GARAM MASLAMIX ,3.35,4.79,,0
51179999282,Swad potato wafers 400g ,4,6.49,,0
51500255377,PEANUT BUTTER JIF ,1.99,2.99,,0
51907888314,Kolhapuri Jagery - 1LB ,2.99,4.99,,0
51907888857,32,2.5,3.99,,0
51907889007,SHAD TURMARIC POWDER 7 OZ ,1.25,1.68,,0
51907889045,SHAD MUSTARD SEED 7 OZ (YELLOW ,1,1.34,,0
51907889250,SHAD CORIANDER POWDER 14 OZ ,2,2.68,,0
51907893851,Mogra Incense Stick ,5,6.69,,0
51907893899,Jasmine Incense Stick ,5,6.69,,0
51907893912,Sandal Incense Stick ,5,6.69,,0
53600102568,DESI WHL MILK YOGURT ,3.0312,4.49,,0
53600164061,DESHI LOW FAT YGRT ,3,4.49,,0
53600164337,DESI 4LB LOW YOGURT ,5.83,8.49,,0
53600164344,DESI YOGURT WHL 4LB ,6.09,1.99,,0
54529006296,AHMED FRIED ONION ,2.4,3.99,,0
54529012136,AHMED JELLO LYCHEE ,0.66,1.29,,0
54529013027,AHMEDJELLO STRAWBERRY ,0.83,1.29,,0
54529013041,AHMED JELLO PINEAPPLE ,0.83,1.29,,0
54529013058,AHMED ORANGE ,0.83,1.29,,0
54529013065,AHMED JELLO LEMON ,0.83,1.29,,0
54529013089,AHMED MNGO JELLY ,0.83,1.29,,0
54529013423,AHMED STRAWBERRY CUST POWDER ,2.5,3.99,,0
54529013447,AHMED CUSTARD MANGO POWDER ,2.5,3.99,,0
54529016011,AHMED VERMECILLI ,0.59,0.99,,0
54529017018,AHMED ROSE WATER ,1.75,2.49,,0
54529017100,AHMED KEWRA WATER ,2.66,3.99,,0
54529502637,AHMED CORNFLOUR ,0.63,0.99,,0
54881000208,AHMAD TEA FRUIT ND HERB ,2.38,3.29,,0
54881000970,AHMAD CARDAMON TEA ,2.46,3.29,,0
54881003971,AHMED GREEN TEA ,2.45,3.79,,0
54881005654,AHMAD TEA JASMINE ,2.45,3.49,,0
54881006163,AHMAD TEA ENGLISH ,2.45,3.49,,0
54881008563,AHMAD GREEN TEA 250G ,3.24,4.69,,0
54881019248,AHMED TEA ,2.39,3.69,,0
54881019538,AHMED CARDAMOM TEA ,8,11.79,,0
54881020374,AHMED TEA DIGEST ,2.57,3.99,,0
59000415505,GOLDEN TEMPLE ATTA 5.5 ,7,9.99,,0
59000415567,GOLDEN TEMPLE ATTA 20LB ,21,29.99,,0
68400563518,LIPTON YELLOW TEA ,9.59,13.99,,0
68400574705,KNORR ARTIFICAL CHICKEN FLAVOR ,0.3,0.69,,0
68400611684,TAJ MAHAL TEA ,4.59,6.49,,0
68400611875,LED LABEL TEA 900G ,7.83,11.49,,0
71100005783,HV ORG RANCH ,4.88,6.49,,0
72288112539,BAMBOO SKEWERS ,0.79,1.99,,0
72668444458,CAULIFLOWER ,2.17,2.99,,0
74401704232,RL PEARL CUSCOUS ,3.85,7.49,,0
74401704324,RL COUSCOUS ,5.68,10.99,,0
77397500024,SAHTEIN RED LENTILS ,1.41,2.29,,0
77397878086,SAHTEIN MAAMOULCOOKIES ,4,6.49,,0
78612646121,PREETHI MOORI,1.99,2.99,,0
78742002828,GV CHUNK PINK SALMON ,1.53,1.99,,0
78742009537,PANKO BREAD CRUMBS ,1.77,2.99,,0
78742060439,GV EX VIRGIN OIL ,2.25,2.99,,0
78742065328,GV MAYO,2.12,2.99,,0
78742127071,12 large egg ,1.24,2.99,,0
78742133652,GV COOKED SHRIMP ,6.23,8.99,,0
78742141671,Corn starch 1 LB- great value ,0,0.01,,0
78742210001,GREAT VEGE OIL 1 GAL ,8.17,11.99,,0
78742228037,GV GRANULATED SUGAR ,3.24,4.99,,0
78742229218,plain nonfat yogurt 32oz ,2.36,3.99,,0
78742229416,GV VEG OIL ,1.71,2.99,,0
78742229430,GV CANOLA OIL ,1.71,2.99,,0
78742280561,GV BUTTER SALTED ,1.97,2.79,,0
78742300665,GV ORG CHIA SEED ,13.02,18.99,,0
78742333717,GV FRENCH VANILLA ,3.48,4.99,,0
78742333755,GV CINNAMON FRENCH TOAST ,3.48,4.99,,0
78742352961,GV VEGE OIL ,2.95,5.99,,0
78742371177,GV GRANULATED SUGAR 10LB ,5.83,7.99,,0
78742372211,LIGHT BROWN SUGAR ,1.7,2.99,,0
78742374277,GV SC BUTTER UNSALTED ,3.98,5.29,,0
78742374895,ITALIAN BREAD CRUMBS ,1.12,1.99,,0
78742431673,GREAT CANOLA OIL ,4.24,5.99,,0
78742433103,GV ALASKAN PINK SALMON ,2.75,3.99,,0
83737121026,whiteleg shrimp ,4.5,5.99,,0
84643200102,TEA INDIA CHAI MASALA ,4.33,6.59,,0
85968001009,JASMINE RICE 5LB ,6.15,9.99,,0
85968001023,JASMINE RICE 20LB ,19,26.99,,0
87919020121,MIDMAR TURKEY BREAK STIP ,6.58,9.99,,0
89879600270,Sugandha Parboiled Basmati ,18.99,24.99,,0
97923001252,NATURAL DELIGHTS MEDJOOL 2.2LB ,8.66,11.99,,0
97923543257,MEDJOOL DATES ,9.99,11.99,,0
97923543264,NATURAL DELIGHTS 5LB ,19.83,27.99,,0
97923543301,Fresh medjool dates 1lb ,4.5,6.99,,0
97923544162,MADJOOL DATES ,7.98,11.99,,0
99451824471,SHAD MOONG DAL 2 LB ,2.19,2.99,,0
99451824488,SHAD MOONG DALL 4 LB ,4.3,5.79,,0
99451831707,HM SOOJI ,1.5,1.99,,0
1.21189E+11,GROUND BEEF FRESH ,4.99,8.99,,0
1.23142E+11,LONG BIAM ,6.99,9.99,,0
1.23452E+11,MAYOORI BLACK SALT ,0.92,1.29,,0
1.23457E+11,Prayer Mat Fancy Medium,7,39.99,,0
1.23457E+11,Prayer Mat Fancy Small,6,29.99,,0
1.23457E+11,Quran Stand Plastic,1,9.99,,0
1.23457E+11,Quran Stand Wood,8,19.99,,0
1.23457E+11,Cap,0.4,1.99,,0
1.23457E+11,Allahu Deco,0.5,5.99,,0
1.23457E+11,Prayer Mat Fancy Saudi,9,45.99,,0
1.23988E+11,MAYOORI SABUDANA ,2.1,2.99,,0
1.32568E+11,RAJMAHAL TOAST 400 GR ,2,2.99,,0
1.65165E+11,OXTAIL,,8.99,,0
1.67806E+11,Plain Toast (WF) ,1.99,2.99,,0
1.67806E+11,Butter Toast (WF) ,1.99,2.99,,0
2.3493E+11,BONLESS TIGH ,1.57,3.99,,0
2.35254E+11,MINT LEAVES ,0.99,0.99,,0
2.44488E+11,PAN LEEF ,1,1,,0
5.36024E+11,VEGE SAMOSAS 25 PCS ,6.99,9.99,,0
6.20514E+11,NATIONAL KHIR MIX ,1.5,1.99,,0
6.20514E+11,NATIONAL VERMICELLI ,0.42,0.79,,0
6.20514E+11,NATIONAL ACHAR GOSHT ,1.08,1.79,,0
6.20514E+11,NATIONAL BIRYANI ,1.08,1.79,,0
6.20514E+11,NATIONAL BOMBAY BIRYANI ,1.08,1.79,,0
6.20514E+11,NATIONAL CHICKEN JALFREZI ,1.08,1.79,,0
6.20514E+11,NATIONAL FISH MASALA ,1.08,1.79,,0
6.20514E+11,NATIONAL HALEEM ,1.08,1.79,,0
6.20514E+11,NATIONAL KARACHI GOSHT ,1.08,1.79,,0
6.20514E+11,NATIONAL MURGA MASLA ,1.08,1.79,,0
6.20514E+11,NATIONAL DELHI NIHARI ,1.08,1.79,,0
6.20514E+11,NATIONAL PAYA ,1.08,1.79,,0
6.20514E+11,NATIONAL QUORMA ,1.08,1.79,,0
6.20514E+11,NATIONAL MIXED PICKLE ,1.98,2.79,,0
6.20514E+11,NATIONAL CHAAT MASALA ,1.25,1.99,,0
6.20514E+11,NATIONAL DAHI BARA ,1.83,2.69,,0
6.20514E+11,NATIONAL CHATT PATA ,1.46,2.29,,0
6.20514E+11,NATIONAL SEEKH KABAB,1.08,1.99,,0
6.20514E+11,NATIONAL CHILLI GARLIC SAUCE ,2.07,2.79,,0
6.20514E+11,NATIONAL CKN BROAST ,1.08,1.79,,0
6.20514E+11,NATIONAL CHICKEN TIKKA ,1.08,1.79,,0
6.20514E+11,NATIONAL DAIGHI HALEME ,2.4,3.49,,0
6.20514E+11,NATIONAL KASURI METHI 100 GM ,2,2.79,,0
6.20514E+11,NATIONAL JELLY STRAW ,1,1.99,,0
6.20514E+11,NATIONAL JELLY PINEA ,1,1.99,,0
6.20514E+11,NATIONAL JELLY MIX ,1,1.99,,0
6.20514E+11,NATIONAL CHICKEN TANDOORI ,1.08,1.79,,0
6.20514E+11,NATIONAL BIHARI KABABA ,1.08,1.79,,0
6.20514E+11,NATIONAL CHAPLI KAB ,1.08,1.79,,0
6.20514E+11,NATIONAL CUSTARD POWDER ,1.83,2.59,,0
6.20514E+11,NATIONAL CUST PWDR MANGO ,1.83,2.59,,0
6.20514E+11,NATIONAL CUST PDR STRAW ,1.83,2.59,,0
6.20514E+11,NATIONAL CUST PDR BANANA ,1.83,2.59,,0
6.20514E+11,NATIONAL MANGO CHILI SAU ,2.07,2.79,,0
6.20514E+11,NATIONAL GREEN CHILLI SAUCE ,2.07,3.49,,0
6.20514E+11,NATIONAL RED CHILI SAUCE ,2.07,2.79,,0
6.20514E+11,NATIONAL CHICKEN BIRYANI ,1.08,1.99,,0
6.20514E+11,NATIONAL FISH FRIED ,1.08,1.79,,0
6.20514E+11,NATIONAL DAAL MAKHNI ,1.08,1.79,,0
6.20514E+11,NATIONAL CKN HARA HYD ,1.08,1.79,,0
6.20514E+11,NATIONAL TIKKA BOTI ,1.08,1.79,,0
6.20514E+11,NATIONAL KARELA CHUT ,1.98,2.79,,0
6.20514E+11,NATIONAL GINGER PASTE ,2.31,3.49,,0
6.20514E+11,NATIONAL GARLIC PASTE ,2.31,3.49,,0
6.20514E+11,NATIONAL GINGER AND GARLIC ,2.31,3.49,,0
6.20514E+11,NATIONAL GINGER PASTE 750G ,4,5.99,,0
6.20514E+11,NATIONAL GARLIC PASTE ,4,5.99,,0
6.20514E+11,NATIONAL GINGER & GARLIC 750G ,4,5.99,,0
6.20514E+11,NATIONAL BUTTER CHICKEN ,1.08,1.79,,0
6.20514E+11,NATIONAL FRESH MINT ,2.87,3.99,,0
6.20514E+11,NATIONAL CORANDER CHUTEY ,2.87,3.99,,0
6.20514E+11,NATIONAL MEAT MASALA ,1.46,1.99,,0
6.20514E+11,NATIONAL CORNFLOUR ,1.8,2.99,,0
6.20514E+11,NATIONAL BEEF BIRYANI ,1.08,1.79,,0
6.20514E+11,NATIONAL HIM SALT ,2.09,2.99,,0
6.20514E+11,NATIONAL SAMOSA CHUTNEY ,2.26,3.49,,0
6.20514E+11,NATIONAL CHICKEN 65 ,1.47,1.99,,0
6.20514E+11,NATIONAL FRIED CHOPS ,1.08,1.79,,0
6.20514E+11,NATIONAL CHICKEN TIKKA ,6,8.49,,0
6.20514E+11,NATIONAL CHICKEN TANDOORI JAR ,6,8.49,,0
6.24967E+11,ANGUS PATTIES ,9.83,13.99,,0
6.24967E+11,ALSAFA CKN GYRO SLICES ,8.99,12.99,,0
6.24967E+11,ALSAFA CKN TENDE,,9.91,,0
6.24967E+11,AL SAFA BF SAMOSA ,9,13.29,,0
6.24967E+11,ALSAFA BF BRKFST ,9.92,13.99,,0
6.24967E+11,AL SAFA CKN NUGGET ,18.83,19.99,,0
6.24967E+11,ALSAFA BEEF SAMOSA ,8.99,12.99,,0
6.24967E+11,ALSAFA CKN SAMSOA 40PCK ,20.83,27.99,,0
6.24967E+11,SAF CHICJEN SAMOSA 12PCS,7.5,10.99,,0
6.24967E+11,AL SAFA CKN CHAPLI KEBAB ,7.5,10.99,,0
6.24967E+11,ckn shami kebab,8.25,11.99,,0
6.24967E+11,beef shami kebab,10.41,13.99,,0
6.24967E+11,BEEF FRANKFURTERS ,7.58,10.99,,0
6.24967E+11,ALSAFA CKN NUG ,9.91,13.99,,0
6.24967E+11,ALSAFA BREADED CKN ,9.99,12.99,,0
6.24967E+11,AL SAFA BF HOT DOG ,7.5,10.99,,0
6.24967E+11,AL SAFA CHN HOT DOG ,4.8,7.99,,0
6.24967E+11,ALSAFA BEEF PATTIES ,10,14.99,,0
6.24968E+11,ALSAFA BEEF GYRO ,9.92,12.99,,0
6.27265E+11,crispy tea rusk,2.29,2.99,,0
6.27265E+11,TWI COOKIES PUNJABI BIS ,5.87,8.79,,0
6.27265E+11,CRISPY PUNJABI COOKIE ,3.9285,5.99,,0
6.27265E+11,CAKE RUSK 650G ,3.35,4.99,,0
6.27265E+11,ALMOND CAKE RUSK ,5.5,6.99,,0
6.27265E+11,TWI NAAN TANDOORI ,1.55,2.29,,0
6.27265E+11,TANDOORI WHOLE WHEET NAAN ,1.5,2.99,,0
6.27265E+11,CRISPY CAKE RUSK,,3.99,,0
6.33148E+11,TAJIN SEASO ,2.82,3.99,,0
6.53341E+11,ALADDIN KALAJAM ,5,6.99,,0
6.53341E+11,ALADDIN MALAI CHOMCOM ,5,6.99,,0
6.53341E+11,ALADIN ROSO GULLA ,5,6.99,,0
6.53341E+11,ALADDIN MALAIKARI ,5,6.99,,0
6.53341E+11,ALADDIN CHOMCHOM ,5,6.99,,0
6.53341E+11,ALADDIN MIXED SWEET ,5,6.99,,0
6.53341E+11,ALADDIN DAHI ,5,6.99,,0
6.53341E+11,SONDESH SWEETS ,5,6.99,,0
6.53341E+11,ALADDIN CHANAR BRI ,5,6.99,,0
6.54561E+11,JELLYMANGO,1,1.99,,0
6.54561E+11,LAZZAT FRIED ONION,1.93,2.99,,0
6.54561E+11,LAZZAT ROSE WATER,1.41,1.99,,0
6.54561E+11,JELLY MIXED,1,1.99,,0
6.54561E+11,JELLY LYCHEE,1,1.99,,0
6.56555E+11,SHAD CHIRA MIX,2,2.99,,0
6.56555E+11,SHAD KALA CHANA 4 LB ,2.25,4.99,,0
6.5675E+11,SHAD MASOOR GOTA 4 LB ,4,5.49,,0
6.5675E+11,SHAD MASOOR GOTA 2 LB ,2,2.99,,0
6.5675E+11,SHAD MASOOR GOTA 8 LB ,8,10.79,,0
6.5675E+11,NANDI 20LB RICE,17.99,24.99,,0
6.59389E+11,SWEET RED ONION ,1.84,2.99,,0
6.65604E+11,EF FRIED ONION 14 OZ ,2.08,2.99,,0
6.65604E+11,mango pulp,3,3.99,,0
6.65604E+11,EF LYCHEE ,1.13,1.99,,0
6.65604E+11,EF MANGO ,1.13,1.99,,0
6.65604E+11,EASTERN FEAST ROSE ,1.34,1.99,,0
6.65604E+11,EF STRAWBERRY ,1.34,1.99,,0
6.65604E+11,EASTERN FEAST PISTACHOICS ,1.33,1.99,,0
6.65604E+11,EF ALMOND ,1.34,1.99,,0
6.65604E+11,EF ASSORTED BAKLAVA ,8.95,11.99,,0
6.65604E+11,JUMBO PUNJABI SAMOSA 25 PC ,10,14.99,,0
6.65604E+11,punjabi somosa,12.5,16.99,,0
6.65604E+11,EF TANDOORI NAAN ,4.75,6.99,,0
6.71866E+11,KOLSON SLANT ,1.25,1.79,,0
6.73367E+11,LYCHEE COCONUT JELLY ,5.99,7.99,,0
6.75208E+11,Toasted sesame oil ,5.86,8.49,,0
6.80444E+11,FRESH PEELED GARLIC ,5.29,6.99,,0
6.80444E+11,FRESH PEELED GARLIC ,15.5,18.99,,0
6.80444E+11,FRESH GARLIC ,2.29,2.99,,0
6.80444E+11,GARLIC 5PK ,2.29,2.29,,0
6.81131E+11,BAKLAVA ,4.43,5.99,,0
6.8545E+11,PARLE HIDE SEEK CHOCO ROOLS ,1.45,2.49,,0
6.8545E+11,PARLE HIDNDSEEK ,0.89,1.29,,0
6.86751E+11,SUPER DATES MEDJOOL ,34,44.99,,0
6.90119E+11,LOTIA SUTKI ,3.99,5.99,,0
6.90225E+11,INDIA GATE 20LB ,16,21.99,,0
6.90225E+11,INDIAN GATE 20LB,19.5,25.99,,0
6.90225E+11,INDIA GATE BASMATI RICE-CLASSIC 10LB,16,20.99,,0
7.01749E+11,deshi fulka roti ,5.2,6.99,,0
7.07967E+11,STAR MANGO 250ML ,0.62,0.99,,0
7.07967E+11,MANGO FRUIT DRINK,1.75,4.29,,0
7.10535E+11,Selon Tea 400gm ,3.5,4.99,,0
7.10748E+11,Zabra basmati 10lb ,16.5,22.99,,0
7.10748E+11,zebra brown basmati rice ,16.5,17.99,,0
7.10748E+11,ZEBRA 10 LB ,15.49,17.99,,0
7.1476E+11,DEEP FRIED ONION 14.00 OZ ,2.75,3.99,,0
7.14761E+11,ALUBUKHARA ,4.99,5.99,,0
7.14761E+11,DRY APRICOT 7OZ ,4,5.99,,0
7.16252E+11,Malka Dal Masoor 4lb ,4,4.99,,0
7.16252E+11,NOOR MALKA MASOOR 4LB,5.56,7.99,,0
7.17311E+11,ONION BAG,,2.99,,0
7.23246E+11,LAXMI GIN/ GARLIC ,2.5,4.29,,0
7.23246E+11,LAXMI SABUDANA 2LB ,3,4.99,,0
7.23246E+11,LAMXI KESAR MANGO PULP ,2.66,3.99,,0
7.23246E+11,LAXMI DRY DATES ,2.6,3.99,,0
7.23246E+11,LAXMI GRAM MASAL PWD 14OZ ,4.5,5.49,,0
7.23246E+11,LAXMI GINGER POWDER 200G ,2.5,3.99,,0
7.23246E+11,LAXMI STAR ANISE SEEDS 200G ,7,10.99,,0
7.23246E+11,LAXMI WHITE CHANA (KABULI) 2 L ,2.25,2.99,,0
7.23246E+11,LAXMI CHANA DAL 2LB ,2,4.99,,0
7.23246E+11,LAXMI CHANA DAL 4LB ,4,5.99,,0
7.23246E+11,LAXMI MONG DAL 4LB ,5.25,6.99,,0
7.23246E+11,LAXMI MOONG DAL 8LB ,10,11.99,,0
7.23246E+11,PARLE-G ,0.14,0.99,,0
7.23246E+11,LAXMI GRAM MASAL 7OZ ,2.5,2.99,,0
7.23246E+11,KRACKJACK ,0.5,0.99,,0
7.23246E+11,LAXMI WHITE CHANA [KABLI] 4 LB ,4.5,5.99,,0
7.23246E+11,LAXMI STAR ANISE SEEDS 100G ,4,5.99,,0
7.23246E+11,Laxmi kerala pappadum ,1.49,2.79,,0
7.23246E+11,MEHARBAN PITTED DATES ,2.75,4.99,,0
7.23246E+11,LAXMI BASMATI RICE 10LB ,14.99,22.99,,0
7.23246E+11,LAXMI BESAN ,4.75,6.99,,0
7.23246E+11,MEHARBAN AJWA DATES ,8,11.99,,0
7.23246E+11,MEHARBAN KHUDRI DATES,8,9.99,,0
7.23246E+11,dates,,9.99,,0
7.23246E+11,LAXMI JAVANTRI MACE 100G ,9,13.99,,0
7.23246E+11,PARLE FAB ,0.5,0.99,,0
7.23246E+11,PARLE HID&SEEK BOURBON ,1.25,1.69,,0
7.2412E+11,BOROI PICKLE ,2.49,3.99,,0
7.2412E+11,NICOBENA TAMARIND PICKLE ,2.25,3.59,,0
7.253E+11,Tilda basmati rice ,13.99,18.99,,0
7.28943E+11,SHAD MASOOR GOTA 2LB,2.99,4.99,,0
7.28943E+11,SHAD JAR CORIENDER POWDER 14 ,3,3.99,,0
7.28943E+11,SHAD CHANA DAL 2 LB ,2.25,2.99,,0
7.28943E+11,SHAD CHANA DAL 4LB ,4.5,5.99,,0
7.28943E+11,SHAD POHA THICK 2 LB ,1.5,1.99,,0
7.28943E+11,SHAD KABULI CHANA ,2.25,3.39,,0
7.28943E+11,BLACK PAPPER WHOLE 7 OZ ,2.25,3.29,,0
7.28943E+11,SHAD FENAL SEED 7 OZ ,1.5,2.29,,0
7.28943E+11,SHAD FLAT CINAMON STICK 7OZ ,2,2.79,,0
7.28943E+11,SHAD BLACK PAPER POWDER 7 OZ ,2,2.68,,0
7.28943E+11,SHAD GREEN CARDAMOM 7 OZ ,8.5,11.39,,0
7.28943E+11,SHAD CORRIENDER WHOLE 7 OZ ,1.5,2.29,,0
7.28943E+11,KAKROL ,2.49,3.99,,0
7.28943E+11,SHAD PAPRICA POWDER 7 OZ ,1.5,2.29,,0
7.28943E+11,MOLA 500G ,4,5.99,,0
7.28943E+11,SHAD JAVANTRI WHOLE 2OZ ,5,7.49,,0
7.28943E+11,SHAD BLACK MUSTARD SEED 14 OZ ,1.75,2.59,,0
7.28943E+11,SHAD JAVANTRI POWDER 3.5OZ ,4,5.99,,0
7.28943E+11,SHAD NUT MAG POWDER 3.5 OZ ,2.5,3.35,,0
7.28943E+11,AMINA VEG SINGARA,2,3.99,,0
7.28943E+11,AMINA MIXED SWEETS,11,14.99,,0
7.28943E+11,AMINA PATALI GUR,3,5.99,,0
7.28943E+11,AMINA DAL PURI,2,2.99,,0
7.28943E+11,AMINA TAKI VORTA,2.99,4.49,,0
7.28943E+11,FB KACHUR LATI,1,1.99,,0
7.28943E+11,SHAD MOLA FISH,3,4.29,,0
7.28943E+11,SHAD KESKI TRAY,1,1.99,,0
7.28943E+11,SHAD KALIJEERA RICE 5 LB ,7.5,12.99,,0
7.28943E+11,SHAD BAY LEAF 60 GR ,1,1.39,,0
7.28943E+11,KAZI PATALI GUR ,5.5,8.99,,0
7.28943E+11,Kalojam ,2,2.99,,0
7.28943E+11,AMINA KHIRSHA CURD,11,14.99,,0
7.28943E+11,SHAD METHI SEEDS PKT 7 OZ ,1.25,1.68,,0
7.28943E+11,SHAD BLACK MUSTARD SEED 7 OZ ,1,1.34,,0
7.28943E+11,SHAD CUMIN SEED 7 OZ ,1.75,2.35,,0
7.28943E+11,SHAD TURMARIC POWDER 14 OZ ,2.5,3.35,,0
7.28943E+11,SHAD TOOR DAL 2 LB ,2.25,2.99,,0
7.28943E+11,SHAD CLOVES / LONG PKT 3.5 OZ ,2.25,3.39,,0
7.28943E+11,SHAD ALU BAKARA (GOLDEN) 7 OZ ,3,4.49,,0
7.28943E+11,SHAD RAISIN (GOLDEN) 7 OZ ,1.75,2.35,,0
7.28943E+11,SHAD GREEN CARDAMON 3.50 OZ ,4.25,6.29,,0
7.28943E+11,SHAD ROUND CINAMON STICK 7 OZ ,2.5,3.35,,0
7.28943E+11,CRISPY SHRIMP ,4.5,6.99,,0
7.35143E+11,CORTAS BABA GHANOUSH ,1.88,2.99,,0
7.35143E+11,CARTAS FAVA BEANS ,0.72,1.59,,0
7.35143E+11,CARTAS BOILED CHICKPEAS ,0.85,1.59,,0
7.35143E+11,CARTAS MINT WATER ,1.92,2.99,,0
7.35143E+11,CARTAS HUMMUS TAHINA ,1.14,1.79,,0
7.37483E+11,BWAN THREAD ,2.79,3.99,,0
7.37628E+11,THAI FISH SAUCE ,2.34,3.49,,0
7.41861E+11,L JNGKOW VERMICILLI BEANTHREAD ,2.79,3.99,,0
7.45042E+11,ROYAL CHEF'S BAS RICE 10LB ,13.5,17.99,,0
7.45042E+11,ROYAL CHEF SECRET 20 LB ,26,32.99,,0
7.45042E+11,DAAWAT BAS RICE 12LB ,13.9,18.99,,0
7.45042E+11,DAAWAT ULTRA 12 LB ,14,18.99,,0
7.45042E+11,ROYAL BASMATI RICE 10LB ,11.9,15.99,,0
7.45042E+11,ROYAL BASMATI RICE 20LB ,21.99,27.99,,0
7.45042E+11,ROYAL SONA MASOORI ,25.9,29.99,,0
7.45114E+11,energy plus 215g ,1.6,2.49,,0
7.45114E+11,ENERGY PLUS 68 GR ,0.75,0.99,,0
7.45114E+11,TIP BISCUIT 60 GR ,0.75,0.99,,0
7.45114E+11,FIRST CHOICE 60 GM ,2,2.99,,0
7.47989E+11,SHAD COCONUT POWDER 7 OZ ,1.25,1.68,,0
7.48079E+11,SUPER DATES 1LBS,4.25,6.99,,0
7.4965E+11,CD COCONUT MILK ,1.5,1.99,,0
7.50344E+11,DULHAN MENDI ,1.31,1.99,,0
7.51666E+11,TOMATOONVINES ,1.03,1.49,,0
7.51666E+11,SEEDLESS CUCUMBER ,1.15,1.69,,0
7.54084E+11,BD Motor Bhaja ,0.4,0.79,,0
7.5527E+11,MAAZA LYCHEE ,1.29,1.99,,0
7.5527E+11,MAAZA GUAVA ,1.29,1.99,,0
7.59119E+11,MOLA BLK FB 250GM ,2.25,3.59,,0
7.6172E+11,ARGO CORN STARCH ,1.85,2.99,,0
7.64218E+11,reserve rice,17.99,17.99,,0
7.64363E+11,CERYLON TEA ,5.95,7.99,,0
7.68855E+11,HD POHA THICK 2LB,2,2.99,,0
7.68855E+11,HIMALAYAN FRUTTI MIX ,2.99,4.49,,0
7.68855E+11,EXTRA HOT CHILI POWDER 7 OZ ,1.5,1.99,,0
7.68855E+11,EXTRA HOT CHILLI PACKET 14 OZ ,2.75,4.29,,0
7.76477E+11,DESI TANDOORI MASALA ,1.87,2.99,,0
7.76477E+11,DESI CHICKEN65 MSL ,1.87,2.99,,0
7.80562E+11,ALU BUKHARA ,4.99,6.99,,0
7.83963E+11,DUMPLING MIX ,1.37,2.29,,0
7.83963E+11,APRICOT JAM ,2.41,3.79,,0
7.83963E+11,SHAHIA OLIVE OIL ,5.83,8.99,,0
7.83963E+11,SHAHIA PLAIN ROTI ,2.29,3.99,,0
7.83963E+11,SHAHIA ONION ROTI ,2.59,3.99,,0
7.83963E+11,SHAHIA SAMOSA PASTRY ,1.14,1.89,,0
7.83963E+11,SHAHIA APRICOT JAM ,2.45,3.79,,0
7.83963E+11,SHAHIA CHICKEN NOODLES ,1.5,2.49,,0
7.83963E+11,SHAHIA VEGE NOODLES ,1.5,2.49,,0
7.83963E+11,SHAHIA GINGER & LEMON TEA ,1.25,1.99,,0
7.83963E+11,SHAHIA SLIMING TEA ,1.25,1.99,,0
7.85018E+11,PRYA CHILLI PICKLE ,2.5,3.79,,0
7.85018E+11,PRIYA RED CHILLI PICKLE ,2.5,3.79,,0
7.85018E+11,PRIYA ROSTED VERMICELLI ,1.42,1.99,,0
7.88821E+11,SHAN MANGO CHUTNEY ,1.8,2.99,,0
7.88821E+11,SHAN BOMBAY BIRYANI ,1.42,2.29,,0
7.88821E+11,SHAN GINGER PASTE ,3,4.99,,0
7.88821E+11,SHAN GARLIC PASTE 310 ,2.08,2.99,,0
7.88821E+11,SHAN GINGER GARLIC 310 ,3,4.99,,0
7.88821E+11,SHAN GINGER PASTE ,6,7.99,,0
7.88821E+11,SHAN GARLIC PASTE 700G ,6,7.99,,0
7.88821E+11,SHAN GINGER GARLIC PASTE ,6,7.99,,0
7.88821E+11,SHAN CHICKEN VEG ,1.67,2.29,,0
7.88821E+11,SHAN CHINESE SWEET ,1.67,2.29,,0
7.88821E+11,SHAN CHINESE BEEF ,1.42,2.29,,0
7.88821E+11,SHAN MURGH CHOLAY ,1.42,2.29,,0
7.88821E+11,SHAN KORMA ,1.5,2.29,,0
7.88821E+11,SHAN VERMICELLI ,0.65,0.99,,0
7.88821E+11,SHAN BERYANI RICE ,1.41,2.29,,0
7.88821E+11,SHAN BUKHAIR RICE ,1.67,2.29,,0
7.88821E+11,SHAN FALAFEL ,1.42,2.29,,0
7.88821E+11,SHAN FISH ,1.41,2.29,,0
7.88821E+11,SHAN SAMBOSA ,1.42,2.29,,0
7.88821E+11,SHAN KABSA RICE ,1.42,2.29,,0
7.88821E+11,SHAN ACHAR GOSHT SAUCE ,2.53,3.99,,0
7.88821E+11,SHAN BOMBAY B SAUCE ,2.52,3.99,,0
7.88821E+11,SHAN CHICKEN TIKKA ,2.53,3.99,,0
7.88821E+11,SHAN NIHARI ,1.42,2.29,,0
7.88821E+11,SHAN MASOORI DAL 4LB ,4.33,5.79,,0
7.88821E+11,SHAN CKN MASALA ,1.67,2.29,,0
7.88821E+11,SHAN CHICKEN 65 ,1.75,2.29,,0
7.88821E+11,SHAN MIX DAL 2LB ,2.83,3.99,,0
7.88821E+11,SHAN FRIED FISH CURRY ,1.42,2.29,,0
7.88821E+11,SHAN MIXED PICKLE ,2.41,3.25,,0
7.88821E+11,SHAN KARAHI,1.6667,2.29,,0
7.88821E+11,SHAN TIKKA SEEKH KABAB ,1.42,2.29,,0
7.88821E+11,SHAN CUSTARD BANANA 200G ,1.41,2.29,,0
7.88821E+11,SHAN CUST VANILLA ,1.41,2.29,,0
7.88821E+11,SHAN CUST MANGO ,1.41,2.29,,0
7.88821E+11,SHAN JELLY FALOODA ,1.1,1.79,,0
7.88821E+11,SHAN BANANA JELLY ,0.58,1.59,,0
7.88821E+11,SHAN ORANG JELLY ,1.35,2.29,,0
7.88821E+11,SHAN JELLY PINEAPPLE 80G ,0.58,1.59,,0
7.88821E+11,SHAN STRBRY JELLY ,0.58,0.99,,0
7.88821E+11,SHAN CHIKEN TIKKA ,1.5,2.29,,0
7.88821E+11,SHOOP NOODLE ,0.27,0.49,,0
7.88821E+11,SHOOP INSANT NOO ,0.27,0.49,,0
7.88821E+11,SHAN DAHI BARA CHAAT ,1.42,2.29,,0
7.88821E+11,SHAN BUTTER CHICKEN ,2.53,3.99,,0
7.88821E+11,SHAN PAYA ,1.42,2.29,,0
7.88821E+11,SHAN EC HALEEM MIX ,2.5,2.99,,0
7.88821E+11,SHANFRUIT CHAAT ,1.42,2.29,,0
7.88821E+11,SHAN VEG BIRYANI ,1.42,2.29,,0
7.88821E+11,SHAN ONION PASTE 300G ,1.88,2.99,,0
7.88821E+11,SHAN PAPAYA PASTE 300G ,1.88,2.99,,0
7.88821E+11,SHAN SINDHI BIRYANI ,1.42,2.29,,0
7.88821E+11,SHAN ACHAR GOSHT ,1.42,2.29,,0
7.88821E+11,SHAN MANGO PICKLE ,2.16,3.25,,0
7.88821E+11,SHAN SHAMI KABAB ,1.42,2.29,,0
7.88821E+11,SHAN KOFTA ,1.42,2.29,,0
7.88821E+11,SHAN CHAT MASALA ,1.66,2.29,,0
7.88821E+11,SHAN CHANA CHAAT ,1.42,2.29,,0
7.88821E+11,SHAN KABAB MASALA ,1.42,2.29,,0
7.88821E+11,SHAN TANDURI masala ,1.67,2.29,,0
7.88821E+11,SHAN KORACHI BEEF BIRAYANI ,1.42,2.29,,0
7.88821E+11,SHAN KEEMA ,1.41,2.29,,0
7.88821E+11,SHAN CHICKEN BIRYANI ,1.6667,2.29,,0
7.88821E+11,SHA SEEKH KABAB ,1.42,1.99,,0
7.88821E+11,SHAN CHAPLI KABAB,1.5,2.29,,0
7.88821E+11,SHAN PUNJABI PILAU ,1.5,2.29,,0
7.88821E+11,SHAN PILAU BIRYANI ,1.67,2.29,,0
7.88821E+11,SHAN MUTTON BIRYANI ,1.67,2.29,,0
7.88821E+11,SHAN AALOO BHAJI ,1.41,2.29,,0
7.88821E+11,SHAN BIHARI KABAB ,1.42,2.29,,0
7.88821E+11,SHAN LIVER MASAL ,1.42,2.29,,0
7.88821E+11,SHAN PAV BHAJI ,1.42,2.29,,0
7.88821E+11,SHAN FISH BIRYANI ,1.49,2.29,,0
7.88821E+11,SHAN HELEEM MIX ,2.3,3.49,,0
7.88821E+11,SHAN CHICKEN GINGER ,1.42,2.29,,0
7.88821E+11,SHAN HALEEM ,1.41,2.29,,0
7.88821E+11,SHAN DAL MASALA ,1.42,2.29,,0
7.88821E+11,SHAN GARLIC PICKLE ,5.33,6.99,,0
7.88821E+11,SHAN VEG MASAL ,1.42,2.29,,0
7.88821E+11,SHAN CURRY POWDER ,1.42,2.29,,0
7.88821E+11,SHAN CHICKEN WHITE KORMA ,1.5,2.29,,0
7.88821E+11,SHAN LAUKI HALWA ,0.87,2.29,,0
7.88821E+11,SHAN MEAT TEND ,1.41,2.29,,0
7.88821E+11,SHAN CHICKEN JALFREZI,1.67,2.29,,0
7.88821E+11,SHAN CHANA MASLLA ,1.42,2.29,,0
7.88821E+11,SHAN MEAT & VEGETABLE ,1.42,2.29,,0
7.88821E+11,SHAN TIKKA ,1.75,2.29,,0
7.88821E+11,SHAN PANI PURI MAS ,1.42,2.29,,0
7.88821E+11,SHAN MEAT MASALA ,1.42,2.29,,0
7.88821E+11,SHAN BUTTER CKN ,1.5,2.29,,0
7.88821E+11,CHICKEN WHITE KARAHI,1.29,1.99,,0
7.88821E+11,SHAN BRAIN MASALA ,1.42,2.29,,0
7.88821E+11,SHAN CHILI PICKLE ,3,3.99,,0
7.88821E+11,SHAN LEMON PICKLE ,3,3.99,,0
7.88821E+11,SHAN MANGO PICKLE ,1.4,2.29,,0
7.88821E+11,SHAN BIRYANI ,1.41,2.29,,0
7.88821E+11,SHAN GULABJAMANMIX ,1.75,2.29,,0
7.88821E+11,SHAN BADAM KHEER ,0.87,2.29,,0
7.91241E+11,BEEF SLICES ,7.97,11.99,,0
7.91242E+11,DEEN HALAL TKY SAG ,4.99,8.99,,0
7.91242E+11,DEEN HALAL HOT TKY SAG ,4.99,8.99,,0
7.91242E+11,TURKEY SLICES ,4.22,7.99,,0
7.96252E+11,YOGURT 16 FLOZ ,1.45,2.39,,0
7.96252E+11,KAROUN 1/2 GAL MILK ,5.5,7.49,,0
7.96252E+11,YOGURT 1 GALLON ,9,11.99,,0
7.96252E+11,GOPI MANGO LASSI ,2.07,2.99,,0
7.97677E+11,NANAK PISTA BURFI ,6.58,8.99,,0
7.97677E+11,NANAK DESI GHEE ,8.6,10.99,,0
7.97678E+11,NANAK PANEER CUBES ,3.13,4.29,,0
7.97678E+11,NANAK DESI GHEE ,10.5,16.99,,0
8.10067E+11,BORO KESKI ,1.5,2.99,,0
8.10082E+11,MISWAK ,1.6,2.29,,0
8.10521E+11,CMP WHITE SHRIMP 4LB ,15,21.99,,0
8.11105E+11,OLYMPIC HILUX ,2.49,3.59,,0
8.11911E+11,MAYOORI UNF PANI ,0.9,1.29,,0
8.11911E+11,MAYOORI UNFRIED PANI PURI,1.15,1.99,,0
8.11911E+11,RIA COCKTAIL ,0.75,1.29,,0
8.11911E+11,RIA HONEY ,0.75,1.29,,0
8.11911E+11,RIA BASIL LYCHEE ,0.75,1.29,,0
8.11911E+11,RIA MANGO BASIL ,0.75,1.29,,0
8.11911E+11,ISL CLOVE WHOLE,2.3,3.49,,0
8.11911E+11,NAFIZA DATES,2.95,3.99,,0
8.11911E+11,rose water,,1.99,,0
8.11911E+11,KWALITY ATTA 20 LB ,1.35,18.99,,0
8.11911E+11,fried onion,,3.99,,0
8.12042E+11,KCB CAKE RUSH ,5.41,7.99,,0
8.12042E+11,KCB BADAM KHATIE ,1.9,2.99,,0
8.12042E+11,KCB ELAICHI KHATIE ,1.9,2.99,,0
8.12042E+11,KCB SALTED ZEERA BISCUIT ,1.9,2.99,,0
8.12042E+11,KCB BAKAR KHANI ,2.66,3.99,,0
8.12042E+11,KCB KALONJI BISCUITS ,2.75,3.99,,0
8.12042E+11,KCB FRUIT TEA RUSK,1.5555,2.99,,0
8.12042E+11,KCB KARACHI ,1.91,2.99,,0
8.12042E+11,KCB CHAI BISCUITS ,1.91,2.99,,0
8.12042E+11,SOONFI CAKE RUSK,2.83,3.99,,0
8.12042E+11,RFP MURI ,3,4.59,,0
8.12042E+11,KCB SALTED ZEERA ,3.09,3.99,,0
8.12042E+11,KCB ALMOND ,5,5.99,,0
8.12042E+11,KCF CAKE RUSK ,5,6.99,,0
8.12042E+11,KCB CASHEW KHATIE ,1.91,2.99,,0
8.12042E+11,KCB TEA RUSK ,1.55,2.29,,0
8.12042E+11,KCB AJWAIN BISCUIT ,4.22,5.99,,0
8.13903E+11,SAVLON ,5.99,9.99,,0
8.14216E+11,Atta (Teer) 2kg ,3.25,5.29,,0
8.14801E+11,aman paratha,0.75,10.99,,0
8.14801E+11,sprinh roll pastry ,1.6,2.59,,0
8.14801E+11,PUFF PASTRY ,1.7,3.99,,0
8.15096E+11,TAPAL DANEDAR - 100 BAG,4.99,6.99,,0
8.15096E+11,DANEDAR 220 BAG ,7.04,9.99,,0
8.15096E+11,DANEDAR 80BAG ,3.66,4.79,,0
8.19542E+11,FATIMA REGULAR MURI 500 Gr ,2.25,3.99,,0
8.24206E+11,WHITE ONION BAG ,1.99,2.99,,0
8.27468E+11,GARLIC PEELED ,6.02,7.99,,0
8.27468E+11,GINGER ROOT ,2.0067,2.99,,0
8.3173E+11,PRAN MANGO JUICE ,1.67,2.49,,0
8.3173E+11,PRAN MANGO BAR ,0.15,0.35,,0
8.3173E+11,PRAN CHANACHUR ,1.83,1.99,,0
8.3173E+11,PRAN CRACKER ,0.5,0.99,,0
8.3173E+11,PRAN MUSTARD OIL ,2.35,3.29,,0
8.3173E+11,PRAN PUFFED RICE ,1.5,3.49,,0
8.3173E+11,PRAN MANGO JUICE 250 ML ,0.41,0.99,,0
8.37655E+11,DESI ROTI UNCOOKD ,5.2,6.79,,0
8.40206E+11,AMINA PARATHA ,6,9.99,,0
8.40438E+11,DAAWAT BASMATI RICE10LB,15.5,18.99,,0
8.40519E+11,Tiny Shrimp (BSA) ,4,5.99,,0
8.40965E+11,MTR GULAB JAMUN ,5.5,8.99,,0
8.40965E+11,MTR BADAM DRINK ,1.33,1.99,,0
8.40965E+11,MTR BADAM DRINK 6PK ,7,9.99,,0
8.40965E+11,MTR ROSE DRINK ,1.33,1.99,,0
8.40965E+11,MTR BADAM DRINK ,1.33,1.99,,0
8.40965E+11,MTR BADAM DRINK ROSE 6PK ,7,9.99,,0
8.41165E+11,Dry Chilli(Mughal) ,0.99,1.39,,0
8.41165E+11,mughal kalijeera rice 5lb ,6.99,9.99,,0
8.41165E+11,MUGHAL KALIJEERI RICE 8LB ,11.99,16.99,,0
8.41165E+11,SAMOSAS VEGE ,1.99,2.99,,0
8.41165E+11,SAF VEG MINI SINGARA ,1.99,3.29,,0
8.41165E+11, DAL PURI SAF ,1.49,2.49,,0
8.41905E+11,AASHIRVAAD COW GREE ,12,16.99,,0
8.45944E+11,diamond mog ,1.5,2.49,,0
8.45944E+11,8.45944E+11,1.9,2.99,,0
8.46656E+11,Mango Bar - Pran ,0,0.01,,0
8.46656E+11,PRAN KALIJEERA RICE 5LB ,10.99,14.99,,0
8.46656E+11,PRAN MANGOBAR HOT ,0.15,0.29,,0
8.46656E+11,PRAN KALIJEERA RICE 9LB ,15.5,24.99,,0
8.50017E+11,KULFI MALAI,4.12,5.99,,0
8.50017E+11,KULFI MANGO BOX,4.12,4.99,,0
8.50017E+11,KULFI PISTACHIO,4.12,5.99,,0
8.50017E+11,KULFI,4.12,5.99,,0
8.50017E+11,KULFI STRAWBERRY ,4.12,5.99,,0
8.50017E+11,KULFI SAFFRON,4.12,5.99,,0
8.50028E+11,KNOOR CKN NOODLES ,0.52,0.79,,0
8.50053E+11,KAISER CKN SAMOSA,5.25,6.99,,0
8.50437E+11,EGN KALIZIRA RICE 10LBS ,18.99,26.99,,0
8.50451E+11,RALSTO JASMIN RICE 1LB,9.3,12.99,,0
8.50918E+11,Sardine(OTH) 2lb ,2.99,3.99,,0
8.51402E+11,NANAK PANEER ,3.53,4.99,,0
8.53271E+11,BRIO EX VIRGIN 1LT,8.17,10.99,,0
8.53271E+11,BRIO EXTRA VIRGIN OLIVE OI ,23.75,27.99,,0
8.53271E+11,olive oil,,18.99,,0
8.53271E+11,OLIVE,16.99,18.99,,0
8.53271E+11,BRIO SUN OIL 1 LI ,4.99,6.99,,0
8.53271E+11,BRIO SUNFLOWER OIL ,8,10.99,,0
8.53271E+11,BRIO SUN OIL 5 LI ,13,17.99,,0
8.54492E+11,MEERA BESON 4.4 LB ,4.75,6.39,,0
8.54492E+11,MEERA BESON 2 LB ,2.25,2.99,,0
8.54615E+11,RICE FLOWER 4LB,2.68,3.99,,0
8.54615E+11,KUALITY ATTA 20LB,21,26.99,,0
8.562E+11,PITTED DATES ,2.66,3.99,,0
8.56408E+11,Parachute 177ml ,2,3.49,,0
8.56408E+11,PARACHUTE ORG VARGIN OIL ,3.5,4.99,,0
8.57198E+11,MARATHON MANGO LONG ,7.5,11.99,,0
8.57198E+11,MARATHON MANGO ,8,10.99,,0
8.57339E+11,PAVLIAMENT DAILY BASMATI RICE ,11.5,14.99,,0
8.58005E+11,Koi Deshi Block 500g (Tiger) ,4.99,6.69,,0
8.58886E+11,LYCHEE IN SYRUP 20G ,4,5.99,,0
8.60011E+11,SUPER DATES 2LBS,8,11.99,,0
8.63329E+11,863329000065863329000065863329000065KULFI MALAI ,1.4,2.99,,0
8.63329E+11,KULFI PISTACHO ,1.4,2.99,,0
8.63329E+11,KULFI MANGO ,1.4,2.99,,0
8.63329E+11,KULFI ALMOND ,1.4,1.99,,0
8.63329E+11,KULFI COCONUT ,1.4,2.99,,0
8.63329E+11,KULFI CHOCO ,1.4,2.99,,0
8.63329E+11,863329000041KULFI STRBERY ,1.4,2.99,,0
8.70892E+11,KRUNCHI PUNJABI COOKIES ,3.92,5.49,,0
8.70892E+11,KRUNCHI PANI PURI ,3.02,4.49,,0
8.7195E+11,SUJATA ATTA 10LB,0.08,10.99,,0
8.7195E+11,SUJATA ATTA 20LB ,39,49.99,,0
8.82129E+11,DESI KOI,2.25,5.99,,0
8.82645E+11,onion yellow 10lb ,7,10.99,,0
8.83196E+11,MACHRANGA KHOLISA,,3.99,,0
8.83617E+11,RED ONION,4.1875,4.99,,0
8.85678E+11,ONION BAG,2.99,3.99,,0
8.86627E+11,YelloRasbora ,2.99,4.49,,0
8.86627E+11,CAPTAIN LOUIES BABY SHRIMP,3.75,4.99,,0
8.86627E+11,SWAI HEADLESS ,3.99,5.99,,0
8.89497E+11,JUICY JUICE ,0,4.99,,0
8.90023E+11,SHREEJI RAJWADI ,1.75,1.99,,0
8.90023E+11,SHREEJA GARLIC GREEN CHILI,0.99,1.99,,0
8.90972E+11,BOMBAY CHINIGUR RICE ,3.99,5.49,,0
8.90976E+11,ALOO PURI ,1.25,1.99,,0
8.90979E+11,BOMBAY SWEETS CHANACHUR,1.65,2.99,,0
8.90979E+11,POTATO CHIPS,0.5,0.99,,0
8.90979E+11,bombay chanachur ,1.65,2.59,,0
8.90979E+11,BBQ Chanachur 300g (Bombay) ,1.65,2.99,,0
8.92681E+11,CK BEEF SEEKH KABABA FM ,12.25,16.99,,0
8.92681E+11,COLO CK SAMOSA MINI ,5.41,7.99,,0
8.92681E+11,COLO CKN KABAB,6.58,8.99,,0
8.92681E+11,CK BEEF KABAB 8PC ,6.91,10.99,,0
8.92681E+11,COLO CKN SHAMI  KEBAB,6.58,8.99,,0
8.92681E+11,COLONEL CKN CHAP KABAB ,6.5,9.49,,0
8.92681E+11,COLO CKN 65 ,6,8.79,,0
8.92681E+11,COLONEL CKN FUN NUGGETS ,5.66,8.29,,0
8.92786E+11,BLACK EYE BEANS 2LB ,1.94,2.99,,0
8.92786E+11,BLACK BEANS 2LB ,2.69,3.59,,0
8.92786E+11,REAL DARK KIDNEY BEANS ,2.19,2.99,,0
8.92786E+11,REAL GREEN PEAS 2LB ,1.49,2.29,,0
8.92786E+11,REAL GREEN CHANA 2LB ,1.69,2.49,,0
8.92786E+11,LIGHT KIDNEY BEANS 2LB ,2.34,3.29,,0
8.92786E+11,PINTO BRANS 2LB ,1.87,2.99,,0
8.92786E+11,REAL RED CHORI ,2.75,3.99,,0
8.92786E+11,YELLOW PEAS 2LB ,2.74,3.99,,0
8.92786E+11,REAL CINAMON PDR 2.5 ,1.19,1.79,,0
8.92786E+11,REAL : CRUSHED CHILI ,0.94,1.49,,0
8.92786E+11,REAL CORIANDER CUMIN PWR 3.5 ,0.75,1.29,,0
8.92786E+11,REAL GARAM MASALA PWD 3.5 ,1.49,1.99,,0
8.92786E+11,REAL GARLIC POWDER 200G ,2.5,3.59,,0
8.92786E+11,REAL MACE PWR 3.5 ,3.24,4.49,,0
8.92786E+11,REAL GREEN CARDAMON 3.5 ,3,3.99,,0
8.92786E+11,REAL GREEN CARD PWR 3.5 ,4.15,5.99,,0
8.92786E+11,REAL BOILED CHICKPEA ,1.08,1.59,,0
8.92786E+11,REAL MASALA SODA ,0.83,1.29,,0
8.92786E+11,REAL GOLDEN RAISINS 7OZ ,1.45,1.99,,0
8.92786E+11,REAL GOLDEN RAISINS 14OZ ,2.5,3.49,,0
8.92786E+11,REAL BLACK RAINSINS 7OZ ,1.45,1.99,,0
8.92786E+11,REAL COCONUT CREAM ,1.5,1.99,,0
8.92786E+11,REAL MOONG WADI ,2.5,3.79,,0
8.92786E+11,REAL RED MUKHWAS ,1.49,1.99,,0
8.92786E+11,Real Chocolate mukhwas 200g ,2,2.99,,0
8.92786E+11,REAL MUGHAL MUKHWAS ,2.5,3.99,,0
8.92786E+11,REAL CALCUTTA PAAN MUKWAS ,2.25,3.29,,0
8.92786E+11,Real vanilla white essence ,0.78,1.29,,0
8.92786E+11,Real rose essence ,0.78,1.29,,0
8.92786E+11,Real biryani essence ,0.78,1.29,,0
8.92786E+11,Real orange essence ,0.78,1.29,,0
8.92786E+11,REAL CARDAMON ESSENCE ,0.78,1.29,,0
8.92786E+11,Real pista essence ,0.78,1.29,,0
8.92786E+11,REAL MANGO ESSENCE ,0.78,1.29,,0
8.92786E+11,Real green mango essence ,0.78,1.29,,0
8.92786E+11,REAL KHEEL PLAIN PUFFED RICE ,2.5,3.99,,0
8.93101E+11,SHAHNAWAZ CKN SAM,6.5833,9.99,,0
8.93319E+11,FLAIR DUBAI CHOCOLATE,3.75,5.99,,0
8.94399E+11,SHAD GOLD PERBOILED BASMATI RI ,18,23.99,,0
8.94559E+11,MEZBAN TANDOORI NAAN ,5.25,7.49,,0
8.94559E+11,mezban ck seekh kabab ,10,15.99,,0
8.94559E+11,MEZBAN PUNJAB SAM ,3.91,5.49,,0
8.94559E+11,MEZBAN LADDU ,4.5,5.99,,0
8.94559E+11,MEZBAN BEEF CHAPLI KABAB 8PC ,8.25,10.99,,0
8.94559E+11,MEZBAN GULAB JAMU ,4.5,6.99,,0
8.94559E+11,MEZBAN CKN SAMOSA 20PC ,10.66,13.99,,0
8.94559E+11,MEZBAN BEEF SEEK KABAB 16PC ,11,14.99,,0
8.94559E+11,MEZBAN CKN SEEKH ,6.83,9.99,,0
8.94559E+11,MEZBAN PUNJABI SAM 25PC ,9,11.99,,0
8.94559E+11,DAWN PLAIN PARATHA ,7.5,9.99,,0
8.94559E+11,MEZBAN LAMB SEEKH KABAB 8PC ,10.83,14.99,,0
8.95404E+11,EXTRA VIRGIN OLIVE OIL ,9.99,14.99,,0
8.97922E+11,ORGANIC CHIA SEEDS ,9.13,12.99,,0
8.98796E+11,Ruposhi Parboiled Basmati 20 ,18.99,26.99,,0
9.0979E+11,MR TWIST ,0.5,0.99,,0
1.13914E+12,FB MOLA BLK,6,8.99,,0
1.19473E+12,LUCHI VAJI DAL ,2.49,3.99,,0
1.19911E+12,RANNA DESHI KOI 500GM,4.5,6.99,,0
1.23458E+12,CUCUMBER ,1.29,1.99,,0
1.29323E+12,SAF GUR ,3.4,8.99,,0
1.47692E+12,Indian Mackerel ,5.99,7.99,,0
1.76358E+12,POMPRET ,10.99,15.99,,0
1.81132E+12,Baila Blk 500g (Tiger) ,6.5,9.69,,0
1.81628E+12,716252037366BK PATALI GUR,2.99,5.99,,0
1.8164E+12,Lotia Vortha (BK) ,2.99,3.99,,0
1.8172E+12,Taki Shutki Vortha (BK) ,2.99,3.99,,0
1.81878E+12,BK BROKEN RICE,,3.99,,0
1.82056E+12,BK ESSA PASTE ,2.99,4.29,,0
1.82445E+12,1.82445E+12,1.99,2.99,,0
1.82532E+12,Cinnamon Stick 100g (RK) ,1.49,2.29,,0
1.82618E+12,plain parata ,3.99,5.59,,0
1.83018E+12,Lotia Block 500g (Saf) ,3.99,5.69,,0
1.83434E+12,Kalizira Rice (BK) 5lb ,3.5,8.99,,0
1.84264E+12,Kalizira Rice (BK) 10lb ,12.5,17.99,,0
1.84336E+12,BK ROSGULLA ,9.5,12.99,,0
1.84401E+12,BK KHEER CHOMCHOM,8.99,12.99,,0
1.84564E+12,Black Seeds100g (BK) ,1.99,2.79,,0
1.84585E+12,BK PORABARI CHOMCHOM,8.99,11.99,,0
1.84651E+12,Begum Parboiled Basmati ,18.5,24.99,,0
1.84823E+12,LOTIA MIX ,4.5,5.99,,0
1.85056E+12,BK CHANR SONDESH,9.99,12.99,,0
1.85234E+12,Jalpai/Olive Chutney (BK) ,2.49,3.79,,0
1.85456E+12,Olive/Jalpai 300g ,2.5,3.39,,0
1.85456E+12,Tok Amra 300g (Saf) ,1.75,2.99,,0
1.85456E+12,Shredded Coconut 300g ,1.99,2.89,,0
1.85456E+12,Green Mango slice 300g (Saf) ,1.99,2.99,,0
1.85456E+12,KOCHUR LOTI ,2.25,2.99,,0
1.85456E+12,Kakrol Whole 500g (Saf) ,2.5,3.99,,0
1.85456E+12,Potol Slice SAF ,1.49,2.99,,0
1.85456E+12,Sheem Bisi 300g (Saf) ,2.5,3.49,,0
1.85456E+12,Amloki 300g (Saf) ,1.99,2.99,,0
1.85456E+12,SAF TAAL SHAS ,2.5,3.49,,0
1.85456E+12,Poa Layzza Block (BK) ,3.99,5.99,,0
1.85456E+12,TAPOSHI PARADISE ,7.5,9.99,,0
1.85644E+12,Bay Leaf ,1.49,1.99,,0
1.85731E+12,TIGER TELAPIA 500GM ,3.99,5.99,,0
1.85801E+12,KOI DESHI BLK 500G ,3.99,5.99,,0
1.86454E+12,Bata Blk 500g (Tiger) ,4.99,7.69,,0
1.86526E+12,DESHI PUTI 250G ,1.29,1.99,,0
1.86778E+12,SAF KESKI JAMBU 400GM,2.99,4.59,,0
1.87221E+12,SAMOSAS VEGE BK ,1.99,2.99,,0
1.87514E+12,G LOTIA 500GM,3.99,5.99,,0
1.87518E+12,Amra Vortha (BK) ,2.49,3.99,,0
1.87944E+12,paratha 25 pcs ,4.99,6.99,,0
1.88173E+12,BK KALOJAM ,8.99,12.99,,0
1.88189E+12,MOLA,,3.99,,0
1.88351E+12,Kodbel Vortha (BK) ,2.99,4.29,,0
1.88488E+12,Toast Plain (BK) ,1.89,2.99,,0
1.88598E+12,Kachur Lati 300g (BK) ,1.49,2.29,,0
1.89004E+12,Boroi Vortha (BK) ,2.49,3.99,,0
1.89319E+12,Ghee Toast (BK) ,2.5,3.99,,0
1.89324E+12,BK CHEPA CHUTKI BHORTA- DRY OLIVE BARB FISH PASTE,2.5,3.99,,0
1.89638E+12,KESKI TG ,1.5,2.99,,0
1.89906E+12,Roshmalai (BK) ,9.5,12.99,,0
2.12031E+12,UNIVERSAL BATA BLK,5,7.99,,0
2.30398E+12,Dry Keski (Saf) 200g ,3.5,4.79,,0
2.34234E+12,CURRY LEAVE ,1.29,1.29,,0
2.81191E+12,fried onion,,3.99,,0
2.9401E+12,Novelty Cream Crackers ,1.5,2.99,,0
2.9401E+12,Novelty Sugar Free Crackers ,1.5,1.99,,0
2.9401E+12,Novelty Nutty Delight Biscuit ,1.25,1.99,,0
2.9401E+12,Novelty Butter Rich Bisciut ,1.5,1.99,,0
2.9401E+12,Novelty Milk Marie Biscuit ,1.5,1.99,,0
3.00001E+12,Tea Cookies (WF) ,2.99,4.49,,0
3.00001E+12,Novelty Lexus Biscuit ,1.75,2.99,,0
3.10465E+12,Sabu Dana (BK) 400gm ,1.49,1.99,,0
3.42354E+12,LYCHEE ,0.14,0.59,,0
3.5717E+12,INSPIRE PURE OUD ,3,5.99,,0
3.5717E+12,INSPIRE BLACK OUD ,3,5.99,,0
3.88331E+12,BK KOTHBELL VORTA,2.99,3.99,,0
3.90413E+12,Halal Beef Shami Kabab ,7.99,9.99,,0
4.0991E+12,FRIENDLY NONFAT YOGURD ,1.99,3.99,,0
4.0991E+12,FRIENDLY VANILLAYOGURD ,1.99,3.99,,0
4.0991E+12,SN WILDFLOWER HONEY ,4.09,5.99,,0
4.0991E+12,WHITE BREAD ,0.5,0.99,,0
4.0991E+12,CLASSIC WHT BREAD ,0.5,0.99,,0
4.0991E+12,BURMANS TOMATO ,1.99,2.99,,0
4.0991E+12,Burman Ketchup ,1.59,2.99,,0
4.0991E+12,REGGANO SPAGHETTI ,1.67,2.99,,0
4.0991E+12,STONEMILL SEASONED SALT ,2.25,3.29,,0
4.0991E+12,SM SALT ,0.54,0.99,,0
4.0991E+12,TG LIGHT RANCH ,1.95,2.99,,0
4.0991E+12,CARLINI OLIVE OIL ,2.85,3.99,,0
4.0991E+12,BURMANS YELLOW MUSTARD ,0.89,1.99,,0
4.0991E+12,SM GROUND BLACK PEPPER ,2.99,3.99,,0
4.0991E+12,PURE CANOLA OIL ,3.45,4.99,,0
4.0991E+12,TG DISTILLED WHTE VINEGAR ,0.99,1.99,,0
4.0991E+12,PURE VEGTABLE OIL ,3.39,5.99,,0
4.0991E+12,BURMANS ORIGINAL BBQ,1.45,2.99,,0
4.0991E+12,pure cane sugar ,2.51,3.99,,0
4.0991E+12,BEERYHILL HONEY ,3.85,5.99,,0
4.0991E+12,SPECL RAW HONEY ,7.39,9.99,,0
4.0991E+12,NN LEMON JUICE ,2.39,3.59,,0
4.0991E+12,BC FLOUR ,2.49,3.99,,0
4.0991E+12,WHOLE MILK ,2.43,3.99,,0
4.0991E+12,HAZENUT COCA SPREAD ,2.29,3.29,,0
4.0991E+12,BC EVAPORATED MILK ,1.29,1.99,,0
4.0991E+12,BC BAKING POWDER ,1.45,1.99,,0
4.0991E+12,STONEMILL CHILI POWDER ,0.79,1.29,,0
4.0991E+12,STONEMILL CRUSHED RED PEPPER ,0.79,1.29,,0
4.0991E+12,STONEMILL GARLIC SALT ,0.79,1.29,,0
4.0991E+12,STONEMILL ITALIAN SEASONING ,0.79,1.29,,0
4.0991E+12,STONEMILL OREGANO LEAVES ,0.79,1.29,,0
4.0991E+12,STONEMILL PAPRIKA ,0.79,1.29,,0
4.0991E+12,STONEMILL FLAKES ,0.79,1.29,,0
4.0991E+12,ORGANIC ORGEANO LEAVES ,2.09,2.99,,0
4.0991E+12,BC SWEETENED CONDENSED MILK ,1.89,2.89,,0
4.0991E+12,GD LRG EGG ,4.49,5.99,,0
4.0991E+12,BURMANS CHILI SAUCE ,0.99,1.79,,0
4.0991E+12,CARLINI ORIGINAL,2.39,3.99,,0
4.0991E+12,CARLINI BUTTER,2.39,3.99,,0
4.0991E+12,acacia honey ,7.49,12.99,,0
4.42783E+12,BK BHUNA KHICHURI ,4.99,7.99,,0
4.7103E+12,JIN JIN MINI Pack,2.19,3.99,,0
4.7103E+12,JIN JIN MANGO JELLY,5.79,7.99,,0
4.7103E+12,Assorted Jelly Flavor,5.79,7.99,,0
4.71127E+12,ABC FRUITY JELLY,1.79,2.99,,0
5.00035E+12,BIRDS CUSTARD POWDER ,4.75,5.99,,0
5.01364E+12,KTC MUSTARD OIL ,5.16,7.49,,0
5.01364E+12,PURE MUSTARD OIL ,3.5,4.29,,0
5.01364E+12,KTC CASTOR OIL ,4.6,6.19,,0
5.02151E+12,ESSENCE KEWRA ,1.07,1.69,,0
5.02151E+12,ESSENCE VANILLA ,1.07,1.69,,0
5.02151E+12,ESSENCE SAFFRON ,1.07,1.69,,0
5.0225E+12,VAITA OLIVE ,5.5,8.49,,0
5.0225E+12,VATIKA CACTUS ,5.5,8.49,,0
5.0225E+12,Dabur vatika 300ml ,5.5,8.49,,0
5.0225E+12,Vatika coco hair oil 300ml ,3.99,5.89,,0
5.0225E+12,DABUR ROSE WATER,1.91,2.99,,0
5.02789E+12,Chalta ,1.99,2.99,,0
5.02789E+12,KESKI (IBCO) 250GM ,1.25,1.99,,0
5.02789E+12,Rohu Block (Ibco) 500gm ,3.75,4.79,,0
5.06073E+12,LONDON DIGESTIVES ,3.75,4.99,,0
5.0659E+12,CHAPILA BLK 250GM ,2,2.99,,0
5.11929E+12,SURI SUTKI ,3.99,5.99,,0
5.28109E+12,ADONIS SUMAC ,4.58,6.49,,0
5.28109E+12,ADONIS PREGANO ,2.7,3.99,,0
5.28109E+12,ADONIS SAFFLOWER ,5.8,7.99,,0
5.285E+12,AL AMIRA SUNFLOWER SEEDS ,1.98,2.99,,0
5.36562E+12,BK MURI GHONTO ,4.99,7.99,,0
5.71195E+12,DANO 5LB ,28,39.99,,0
5.76047E+12,Dano(400gm) ,7.5,9.99,,0
5.76047E+12,Dano(900gm) ,12.5,15.99,,0
6.01201E+12,ROSSMOOR GELATINE ,2.5,3.49,,0
6.17212E+12,SAF BAILA FISH 500GM,5.99,7.99,,0
6.28107E+12,ALSIFHA HONEY ,4.37,5.99,,0
6.28111E+12,ALIF JANNATUL FIRDAUS,1,4.99,,0
6.28701E+12,SILVER STONE,1,2.99,,0
6.28701E+12,AMEER AL OUD,0.1,2.99,,0
6.28701E+12,AJWA DATES ,8,15.99,,0
6.2911E+12,FLAIR PISTACHIO KUNAFA,2.5,3.99,,0
6.2911E+12,FLAIR TRUFFLE KUNAF,2.5,3.99,,0
6.2911E+12,MAZEDAR TANDOORI NAAN ,1.4,1.99,,0
6.2911E+12,MAZ GRALIC NAAN ,1.95,2.99,,0
6.2911E+12,MAZ SHT PUFF,1.8055,2.99,,0
6.29402E+12,COSMO BLACK AFGAN ,2.2,3.99,,0
6.29402E+12,COSMO OUD MALAKI ,2.2,3.99,,0
6.29402E+12,COSMO OUD MUBAKHAR ,2.2,3.99,,0
6.29402E+12,COSMO REHAT MALKHA ,2.2,3.99,,0
6.29402E+12,COSMO SAFWAT AL WUD ,2.2,3.99,,0
6.29402E+12,SOLO JANNET EL ,1.88,4,,0
6.29402E+12,SOLO ASAIL ,1.8,4,,0
6.29402E+12,SOLO BAKHOOR ,1.8,4,,0
6.29402E+12,SOLO DINAR ,1.8,4,,0
6.29402E+12,SOLO OUD SPECIAL ,1.8,4,,0
6.29402E+12,SOLO TEA ROSE ,1.8,4,,0
6.29402E+12,SOLO WHITE OUD ,1.8,4,,0
6.29402E+12,SOLO WOODY OUD ,1.8,4,,0
6.40657E+12,BK KOI FISH BHUNA ,5.99,8.99,,0
6.68889E+12,COUNTER SET,0.53,7.99,,0
6.94663E+12,Tilapia Fillet ,1.35,2.19,,0
7.10748E+12,ANDAZ EXTRA LOG GRAIN ,11.5,12.99,,0
7.14609E+12,LOITA FROZEN,,6.99,,0
7.6222E+12,BOURN VITA ,3.6,5.99,,0
7.62221E+12,CADBURY MILK 110G ,2.21,2.99,,0
7.6223E+12,CADBURY DAIRY MILK ,0.96,1.99,,0
7.83963E+12,SHAHIA ROSE WATER ,0.94,1.59,,0
7.85868E+12,MUNTAZ TAMRIND,,3.99,,0
7.891E+12,NESCAFE ORIGINAL 160G ,6,8.49,,0
7.891E+12,NESCAFE ORIGINAL 100G ,4,5.89,,0
7.92585E+12,MISWAK THICK,0.5,2.99,,0
8.02022E+12,NOVA CHANACHUR,,2.99,,0
8.02022E+12,nova muri,1.75,2.99,,0
8.02224E+12,NOVA DRY CAKE ,1.99,2.99,,0
8.02224E+12,horlicks biscuits ,1.99,2.99,,0
8.02565E+12,Prince Lachcha Semai ,2.75,3.99,,0
8.153E+12,miniket rice 11.02 lb ,10.99,15.99,,0
8.153E+12,najirshile rice 11.02 lb ,12.99,17.99,,0
8.169E+12,Fruitz mango Drink (ACI) 250ml ,0.75,1.29,,0
8.169E+12,Fruitz Mango Drink (ACI) 1000m ,1.75,2.69,,0
8.169E+12,Premium Chinigura Rice ACI 2KG ,6.5,8.99,,0
8.169E+12,FUN FRUITZ ,0.49,0.99,,0
8.169E+12,ACI FUN LITCHI JUICE ,0.35,0.99,,0
8.169E+12,Premium Chinigura Rice ACI 5KG ,13,18.99,,0
8.169E+12,BOROI PICKLE ,2.25,3.99,,0
8.43603E+12,SAFFRON,1.9166,2.99,,0
8.46656E+12,AMINA LACHA SEMAI,3,4.49,,0
8.50028E+12,AARA SUN OIL,11.5,15.99,,0
8.54559E+12,Kachur Loti (BK) 500g ,2.25,2.99,,0
8.66201E+12,Katla Blk 500g (Saf-A) ,4.99,6.69,,0
8.72061E+12,LIPTON TEA 100 BAGS,5.58,7.99,,0
8.72727E+12,Shrimp headon (FS) 4lb ,15,22.99,,0
8.80107E+12,buldak 5 pk ,5.99,6.99,,0
8.80196E+12,SHAD KALIZERA RICE 10 LB ,13,23.99,,0
8.80196E+12,SHAD KALIJEERA 10LBS,16.99,23.99,,0
8.81623E+12,NOVA GHEE TOAST 350 GR ,3,3.99,,0
8.81623E+12,NOVA BABY TOAST ,1.99,2.99,,0
8.81623E+12,NOVA SWEET TOAST ,1.99,3.29,,0
8.81923E+12,TATKA KALOJAM ,9,12.99,,0
8.82121E+12,FAISHA BATA,,6.99,,0
8.82121E+12,KESKI SMALL,1.5,2.59,,0
8.82196E+12,MASHRANGA GUTUM BLK,3.25,4.99,,0
8.82719E+12,ALIN LYCHEE DRINK 1000 ML ,1.5,2.29,,0
8.83196E+12,TATKA MOLA H/L,1.99,3.99,,0
8.83196E+12,GUTUM FISH ,2.99,3.99,,0
8.83196E+12,TELAPIA,3.99,5.99,,0
8.83815E+12,CHAPA SHUTKI ,3.99,5.99,,0
8.83815E+12,KHEER CHOM CHOM ,9,12.99,,0
8.83815E+12,ROSH KODOM ,9,12.99,,0
8.83815E+12,taki vortha,2.99,3.99,,0
8.83815E+12,KESKI BIG,3.59,4.99,,0
8.83815E+12,MOLA 250G,2.99,4.49,,0
8.83815E+12,SHEDOL SHUTKI BHORTA ,3.99,5.99,,0
8.83815E+12,PATALI GUR,3.99,6.99,,0
8.83815E+12,SPECIAL GHEE PARATHA ,5.99,8.99,,0
8.83815E+12,Chingri Bhorta - Tatka - 200gm ,0,3.99,,0
8.83815E+12,PULI,2.48,3.99,,0
8.83815E+12,TATKA OLIVE BHORTA,2.99,4.99,,0
8.83815E+12,NOKSHI PITHA,3.99,5.59,,0
8.83815E+12,TATKA LACHCHA SHEMAI ,2.5,3.99,,0
8.83815E+12,TATKA LOITTA BOHOTA,2.99,4.99,,0
8.85009E+12,ovaltine ,6.5,7.99,,0
8.85865E+12,SEEDLESS TAMARIND SLAB 400 GR ,3,3.99,,0
8.86077E+12,TATKA ALOO PURI ,2.49,2.99,,0
8.86077E+12,TATKA DAL PURI ,1.99,2.99,,0
8.86077E+12,tatka mini dal puri,,3.49,,0
8.86077E+12,24 MINI ALOO PURI ,1.99,2.99,,0
8.86077E+12,seem bichi green ,2.25,3.29,,0
8.86077E+12,LAL SHAK,1.75,2.99,,0
8.86077E+12,TATKA KOCHUR LOTI,2.99,3.49,,0
8.86077E+12,KACHUR LOTI - 350GRM,2.49,3.59,,0
8.86077E+12,SHREDDED COCONUT ,2.25,2.99,,0
8.86077E+12,TATKA PARATHA 25PC ,4.99,7.99,,0
8.86077E+12,TATKA PLAIN PARATHA,,7.99,,0
8.86077E+12,RICE FLOUR ROTI ,1.99,2.99,,0
8.86077E+12,TATKA VEGE SINGHARA ,2.49,3.49,,0
8.86077E+12,TATKA VEGE SAMOSA ,2.49,3.49,,0
8.86077E+12,CHITOL PITHA ,2.99,3.99,,0
8.86077E+12,NUN GORA PITHA ,2.99,3.99,,0
8.86077E+12,PATI SHAPTA PITHA ,2.99,3.99,,0
8.86077E+12,BHAPA PITHA ,2.75,3.99,,0
8.86077E+12,KIRSHA DOI ,12.25,15.99,,0
8.86077E+12,LNG ROSMALAI ,9,12.99,,0
8.86077E+12,NARICALLY NARU ,1.99,2.99,,0
8.86077E+12,TATKA MONGLAI ,2.99,4.99,,0
8.86137E+12,SPONGE ROSOGOLLA ,9.5,13.99,,0
8.86147E+12,KOI BHUNA,7,9.99,,0
8.86147E+12,KOI BLK 500G,3.99,5.99,,0
8.86147E+12,TATKA KHEERSA CHANANR,8.99,12.99,,0
8.86147E+12,TATKA KESKI BLK,4.5,6.99,,0
8.86147E+12,puti chepa sutki,3.99,5.99,,0
8.86147E+12,TATKA MALAI CHOP,9.49,14.99,,0
8.86147E+12,TATKA LADDU ,9,12.99,,0
8.86147E+12,MIXED SWEETS ,9,12.99,,0
8.86147E+12,NOLEN GURER SONDESH ,10,13.99,,0
8.86147E+12,PORABARI CHOM CHOM ,9,12.99,,0
8.86147E+12,TATKA PRANHARA,9,12.99,,0
8.86147E+12,TOK MISHTI DOI ,10,13.99,,0
8.86147E+12,CHANAR JILABI ,9,12.99,,0
8.88501E+12,HORINA HL,3.99,5.99,,0
8.88501E+12,BATA BLOCK ,4.5,7.49,,0
8.88501E+12,KATLA STEAK 500G ,4.99,7.99,,0
8.88501E+12,Hilsha Steak 500g (Saf-A) ,7.5,9.99,,0
8.88501E+12,Dried Fish - Sea King - Lotia ,0,5.99,,0
8.88501E+12,lotia sutki,5.99,5.99,,0
8.88501E+12,DRIED FISH,3.99,5.99,,0
8.88978E+12,KAZI FROZEN GREEN ( BEEN / SEE ,2.5,3.39,,0
8.88978E+12,KAZI GREEN OLIVE ,2.25,3.49,,0
8.88978E+12,KAZI JACKFRUIT SEED ,2,2.99,,0
8.88978E+12,Data Shak 300g ,1.49,2.49,,0
8.88978E+12,KAZI LATI ,2,2.99,,0
8.88978E+12,FROZEN KAZI MANGO CUT 500 GR ,2,2.99,,0
8.88978E+12,KAZI KHEJUR PATELI GUR ,5.15,8.99,,0
8.88978E+12,KAZI SHREDDED COCNUT ,2.25,3.39,,0
8.88978E+12,KAZI PLAIN PARATA ,5,9.99,,0
8.90102E+12,Nupur henna 120g ,2,2.99,,0
8.90103E+12,RED LABEL TEA 450G ,3.95,5.99,,0
8.90103E+12,Horlicks Classic 500g ,5.75,6.99,,0
8.90103E+12,HORLICKS 1KG ,9.99,12.99,,0
8.90103E+12,Horlicks Junior Vanilla 500g ,6.75,7.99,,0
8.90103E+12,LUX SOAP 150 GR ,1.25,1.49,,0
8.90103E+12,White Musk Incense Stick ,5,6.69,,0
8.90106E+12,MAGGIE 4 PACK,1.45,2.99,,0
8.90106E+12,MAGGI KETCHUP ,2.04,2.99,,0
8.90106E+12,BRITANNIA NICE TIME ,0.9,1.99,,0
8.90106E+12,BRITANNIA TREAT CHOCO ,0.89,1.31,,0
8.90106E+12,BRITANNIA TREAT ,0.85,1.99,,0
8.90106E+12,BRITANIA TREAT BURST ,1.35,1.99,,0
8.90106E+12,Brtiania Tiger COCO ,0.75,1.19,,0
8.90106E+12,Britania Tiger STRAWBRY ,0.75,0.99,,0
8.90106E+12,BRITANIA TREAT JIMJAM ,0.95,1.29,,0
8.90116E+12,GITS GULAB JAMUN ,4.5,6.99,,0
8.90116E+12,GITS KHATTA DHOKLA ,0.89,1.29,,0
8.90116E+12,GITS RAVA DOSA ,0.89,1.29,,0
8.90116E+12,GITS NYLON KHAMAN ,0.89,1.29,,0
8.90116E+12,GITS ROSE FALOODA ,1.12,1.99,,0
8.90121E+12,DABUR KEORA WATER,1.75,2.99,,0
8.90121E+12,Meswak toothpaste ,3,4.99,,0
8.90121E+12,Glucon-d 500G ,3.35,4.99,,0
8.90121E+12,DABUR MUSTARD OIL ,2.5,3.29,,0
8.90121E+12,HAJMULA TABLET ,1.25,1.99,,0
8.90125E+12,NAVARANTA OIL ,7.5,11.49,,0
8.9014E+12,Dettol 250ml ,4,6.79,,0
8.90144E+12,Lizzat papad ,1.19,1.99,,0
8.90144E+12,UAD PAPAD ,1.35,1.99,,0
8.90149E+12,KURKURE GREEN ,0.5,0.99,,0
8.90149E+12,KURKURE TOMATO ,0.5,0.99,,0
8.90154E+12,Glucon-d ,2.35,3.99,,0
8.90155E+12,ASHOKA PAV BHAJI ,1.45,1.99,,0
8.90155E+12,ASHOKA PANEER MAKHANI ,1.45,1.99,,0
8.90155E+12,ASHOKA KASHMIRI DUM ALO ,1.45,1.99,,0
8.90155E+12,AKF BR TANDOORI NAAN,2.04,3.99,,0
8.90155E+12,ASHOKA RED CHILI PICKEL ,1.75,1.99,,0
8.90155E+12,PUNJABI SAMSOSA,2.39,3.99,,0
8.90155E+12,AKF SAMOSA PUNJABI,10.33,13.99,,0
8.90155E+12,AK PST GIN/GAR 700G,3.5,5.49,,0
8.90155E+12,tandoori naan ,4.5,8.99,,0
8.90155E+12,ASHOKA SWEET MANGO ,2,2.79,,0
8.90155E+12,ASHOKA PUNJABI SAMOSA 25PC ,10,14.99,,0
8.90155E+12,KHANSAAMA PUFF PASTRY ,2.21,2.99,,0
8.90157E+12,ENO LEMON 100G ,2.49,3.49,,0
8.90157E+12,ENO REGULAR ,2.5,3.49,,0
8.90157E+12,ENO ORANGE ,2.5,3.49,,0
8.90157E+12,ENO BLUE ,3.5,3.5,,0
8.90157E+12,ENO LEMON ,2.5,3.49,,0
8.9016E+12,DARK SOY SAUCE ,1.25,1.89,,0
8.9016E+12,CHINGS GREEN CHILLI SAUCE ,1.2,1.99,,0
8.9016E+12,RED CHILLI SAUCE ,1.25,1.89,,0
8.9016E+12,CHINGS SCHEZWAN SAUCE ,1.58,2.39,,0
8.9017E+12,KITCHEN KING 10 LB ,9.75,12.99,,0
8.9017E+12,Hesh amla powder ,2,3.49,,0
8.90174E+12,PANKAJ PAPAD,1.26,1.99,,0
8.90175E+12,WB INSTANT GINGER TEA ,3.39,4.89,,0
8.90175E+12,WB INSTANT CARDAMOM TEA ,3.3,4.89,,0
8.90175E+12,WAGH BAKRI TEA 2LB ,12,13.99,,0
8.90175E+12,WAGH BAKRI 1LB ,3.66,4.99,,0
8.90181E+12,WEIKFIELD FALOODS MIX ROSE ,2.35,3.29,,0
8.90181E+12,Myrrh Incense Stick ,5,6.69,,0
8.90209E+12,TEZ MUSTARD OIL ,4.5,5.99,,0
8.90217E+12,MDH CURRY POWDER ,1.25,1.99,,0
8.90217E+12,MDH T-PLUS MASALA ,1.16,1.99,,0
8.90258E+12,FROOTI DRINK MANGO ,0.33,0.79,,0
8.90258E+12,FROOTI MANGO PULP 14.14 OZ,2.31,3.59,,0
8.90366E+12,DUNAR BAS RICE 10LB ,12.49,17.99,,0
8.90366E+12,DUNAR 10 LBS,14,18.99,,0
8.90401E+12,SAT-ISABGOL 200G ,3.6,4.59,,0
8.90401E+12,SAT-ISABGOL 100G ,3.7,4.99,,0
8.90405E+12,SHAD LONG GRAIN BASMATI RICE 1 ,6.5,9.99,,0
8.90406E+12,GULAB JAMUN ,5.5,8.99,,0
8.90406E+12,HR RASGULLA ,5.5,8.99,,0
8.90406E+12,HR LONG GULAB JAMUN ,5.5,8.99,,0
8.90406E+12,HR RASMALAI ,5.5,8.99,,0
8.90407E+12,JABSON ROASTED CHANA ,1.07,1.99,,0
8.90407E+12,JABSONS SPICY CHANA ,1.4,1.99,,0
8.90408E+12,MANTRA MUSTARD SEED 7OZ ,1.84,2.49,,0
8.90411E+12,PATANJALI WHEAT FLOUR ATTA ,11,14.99,,0
8.90411E+12,PATANJALI HONEY ,3.5,4.59,,0
8.90421E+12,AACHI MUTTON MASALA ,2.6,3.49,,0
8.90442E+12,PATANJALI ATTA 22LB ,16,21.99,,0
8.90442E+12,PATANJALI ATTA 11LB ,8.5,11.99,,0
8.906E+12,MOTHERS SWEET LIME PICKLE ,3.5,4.49,,0
8.906E+12,SHAHNAZ DIABATIC RICE 20 LB ,18,23.99,,0
8.90601E+12,BIKAJI SOAN PAPADI 500 GM ,3.5,4.99,,0
8.90601E+12,SOAN CAKE ,1.64,2.49,,0
8.90602E+12,AACHI CHICKEN 65 ,2.6,3.49,,0
8.90602E+12,AACHI KASHMIRI CHILI ,2.6,3.49,,0
8.90602E+12,AACHI GOBI MACHURIAN MIX ,3,4.49,,0
8.90604E+12,GHARGE KEWRA WATER ,2.2,2.99,,0
8.90606E+12,kangana herbal henna ,1,1.99,,0
8.90607E+12,KB BADAM BISCUITS ,4,5.99,,0
8.90608E+12,ZEEBA BASMAT RICE 10LB ,9.62,12.99,,0
8.908E+12,KINGS FALOOODAMIX SAFFRON ,1.75,1.99,,0
8.908E+12,KINGS FALOODAMIX PISTA ,1.75,1.99,,0
8.908E+12,KINGS FALOODA MIX RASPBERRY ,1.75,1.99,,0
8.908E+12,KINGS FALOOODAMIX RABDI ,1.75,1.99,,0
8.908E+12,KINGS FALOOVA SEV YELLOW ,1.75,2.49,,0
8.908E+12,KINGS FALOOVA SEV WHITE ,1.75,2.49,,0
8.908E+12,KARACHI BADAM PISTA ,3.5,4.99,,0
8.908E+12,BISC KARACHI CASHEW BISCUITS ,2.75,3.99,,0
8.908E+12,CRANE BEETLE NUT ,1.5,1.99,,0
8.908E+12,CRANE SWEET BETEL NUT ,1.5,1.99,,0
8.908E+12,KARACHI FRUIT BISCUITS ,2.75,3.99,,0
8.90801E+12,RAJA CHUNA ,0.95,1.99,,0
8.93504E+12,AJI-NOMOTO ,4.75,5.49,,0
8.9411E+12,Corn Soup (Maggi) ,1.49,1.99,,0
8.9411E+12,Thai Soup (Maggi) ,1.49,1.99,,0
8.9411E+12,Maggi Noodles Family ,4,6.99,,0
8.9411E+12,MAGGI 12pk ,4.99,6.99,,0
8.9411E+12,MAGGI MAGIC MASALA,0.04,0.5,,0
8.9411E+12,R TURMERIC 500G,5.49,7.99,,0
8.9411E+12,RADHUNI CORIENDER PWD 500,4.99,6.99,,0
8.9411E+12,Panch Poran Whole (Radhuni) ,1.25,1.89,,0
8.9411E+12,Radhuni Garam Masala Powder 10 ,2.35,3.19,,0
8.9411E+12,Radhuni Chatpati Masala ,1.67,2.29,,0
8.9411E+12,RADHUNI BORHANI MASALA ,1.25,1.99,,0
8.9411E+12,RADHUNI MEAT CURRY ,1.17,1.79,,0
8.9411E+12,Radhuni Meat Masala ,1.25,1.99,,0
8.9411E+12,Radhuni Rezala Masala ,1.25,1.99,,0
8.9411E+12,Radhuni Chicken Masala ,1.25,1.99,,0
8.9411E+12,Radhuni Beef masala ,1.25,1.99,,0
8.9411E+12,Radhuni Biryani Masala ,1.25,1.99,,0
8.9411E+12,Radhuni Hyderabadi Biryani Mas ,1.25,1.99,,0
8.9411E+12,Radhuni Kachchi Biryani Masala ,1.25,1.99,,0
8.9411E+12,RADHYNI TEHARI MASALA ,1.17,1.79,,0
8.9411E+12,Radhuni Chicken Tandoori Masal ,1.25,1.99,,0
8.9411E+12,RADHUNI KALA BUNA,1.5,1.99,,0
8.9411E+12,RAD CHILLI 200G,2.25,3.29,,0
8.9411E+12,RADHUNI CHILI POWDER 500 ,3.96,5.29,,0
8.9411E+12,RADHUNI TURMARIC 500 ,3.96,5.29,,0
8.9411E+12,RADHUNI CORIENDER 500 ,3.96,5.29,,0
8.9411E+12,Radhuni Cumin ,6.49,9.89,,0
8.9411E+12,Radhuni Halim Mix ,1.5,2.29,,0
8.9411E+12,kasundi radhuni ,2.5,3.49,,0
8.9411E+12,RADHUNI KHICHURI MIX ,2.99,3.99,,0
8.9411E+12,RADHUNI FALOODA MIX ,2.25,3.49,,0
8.9411E+12,CHASHI CHINIGURA RICE ,21.99,28.99,,0
8.9411E+12,Radhuni Musterd Oil (500ml) ,3.25,5.99,,0
8.9411E+12,Radhuni Musterd Oil 1000G ,6.49,8.99,,0
8.9411E+12,RUCHI BAR-B-Q ,2.25,3.29,,0
8.9411E+12,RUCHI HOT CHANACHUR 300 ,1.99,3.59,,0
8.9411E+12,RUCHI BAR-B-Q CHANACHUR,3.25,4.99,,0
8.9411E+12,Jhal Muri 35gm (Ruchi) ,0.59,0.99,,0
8.9411E+12,RUCHI MURI 500G ,2.5,3.99,,0
8.9411E+12,RUCHI CHUTNEY,0.6,0.99,,0
8.9411E+12,SAT - ISABGOL 100GM ,1.99,2.99,,0
8.9411E+12,Taza loose 400Gms ,3.99,5.99,,0
8.94111E+12,BONOFUL B-TOAST,2,3.29,,0
8.94111E+12,KISWAN NOODLES ,10,14.99,,0
8.94111E+12,Bonoful Laccha Semai ,2.75,3.99,,0
8.94111E+12,KISHWAN HORLICKS ,2,2.99,,0
8.94111E+12,corriader powder 7oz,1.29,1.99,,0
8.94111E+12,TEA TIME COOKIES ,4.67,7.99,,0
8.94113E+12,SINGARA 25 PCS ,7.99,10.99,,0
8.94113E+12,SAF HALAL CHICKEN SPRING ROLL,7.5,9.99,,0
8.94113E+12,Halal Chicken Shami ,6.99,9.99,,0
8.94113E+12,Halal Beef Samosa ,7.5,10.99,,0
8.94113E+12,Halal Chicken Samosa ,6.99,10.99,,0
8.94113E+12,BEEF SHAMI KABAB ,7.99,11.9,,0
8.94113E+12,BK SWEET CURD DESHI- BAGURA DOI,9.5,12.99,,0
8.94115E+12,Danish Lexus Cracker Biscuit ,2.49,3.29,,0
8.94115E+12,NAJ HARLICKS BISCUIT 350 GR ,2,2.99,,0
8.94115E+12,SHAD TAL MISRI ,2,2.68,,0
8.94115E+12,SHAD DRY BOROI JAR 250 GR ,2.5,3.39,,0
8.94115E+12,NAJ SWEET TOAST ,2,2.99,,0
8.94115E+12,NAJ BABY TOAST 350 GR ,2,2.99,,0
8.94115E+12,KRISHI CHINIGURA RICE 10 LB ,14,24.99,,0
8.94115E+12,SHAD JAR CHILLI POWDER 14 OZ ,3,3.99,,0
8.94115E+12,SHAD TURMARIC POWDER JAR 14 OZ ,3,3.99,,0
8.94115E+12,SHAD CURRY POWDER JAR 500 GR ,3,3.99,,0
8.94115E+12,SHAD GARLIC POWDER JAR 7 OZ ,2,2.99,,0
8.94115E+12,SHAD GINGER POWDER 7OZ ,2,2.99,,0
8.94115E+12,MR.TWIST ,0.5,0.89,,0
8.94115E+12,BOMBAY POTATO CHIPS ,0.5,0.99,,0
8.94115E+12,Bombay Chinigura ,12.99,17.49,,0
8.94115E+12,bombay chanachur ,2.99,3.99,,0
8.94115E+12,CHIPS,0.39,0.89,,0
8.94115E+12,SAF COCONUT MINI PURI ,2.99,4.79,,0
8.94115E+12,BK SINGRA VEG,,8.99,,0
8.94115E+12,GOLDA FISH ,18,25.99,,0
8.94115E+12,HILSHA EGG BLK 200G ,9.99,14.99,,0
8.94115E+12,BK LOTI-CHINGRI BHUNA,4.99,6.99,,0
8.94115E+12,MMZ TAPOSHI FISH 500GM,7.5,9.99,,0
8.94115E+12,TINY SHRIMP,,3.99,,0
8.94115E+12,FATHER'S MOONG DAL-SPLIT BEANS,2.99,3.99,,0
8.94115E+12,FATHER'S MOONG DAL 4LB-SPLIT BEANS,5.5,7.5,,0
8.94115E+12,SAF STAR BIAM,,6.99,,0
8.94115E+12,BK SHOR DOI,9.5,13.99,,0
8.94115E+12,BK MUGHLAI PARATHA,2.5,3.5,,0
8.94115E+12,BK PLAIN PARATHA FAMILY PACK 30pcs,5.99,7.99,,0
8.94115E+12,CHINGRI MALAI CURRI-SHRIMP MALAI CURRY,8.99,12.99,,0
8.94115E+12,BK KOI MACHER JHOL WITH FUL KOPI,5.99,7.99,,0
8.94116E+12,Cocola Noodles ,1.25,1.99,,0
8.94116E+12,SHAD KALIZIRA,15,23.99,,0
8.94116E+12,NAJ LYCHEE JUICE 285 ML ,0.45,0.69,,0
8.94116E+12,SHAD KHOLA TOAST,,5.99,,0
8.94119E+12,SHAD MARIE SALTED,0,4.99,,0
8.94119E+12,Shefa Black Seeds Oil (200g) ,5.99,7.99,,0
8.94119E+12,Date's Moalasse 600gm (RK) ,3.99,5.39,,0
8.94119E+12,Bakers (RK) Dry Cake Rusk ,1.99,2.99,,0
8.94119E+12,Kala Bhuna Masala ,1.25,1.99,,0
8.94119E+12,MURI RK 400GM ,1.75,3.99,,0
8.94119E+12,Ranna kalijeera rice 10lb ,12.5,18.99,,0
8.94119E+12,Rice Flour (RK) 4lb ,3.99,5.99,,0
8.94119E+12,ISPAHANI LEXUS BIS ,1.75,2.99,,0
8.94119E+12,Ispahani Tea Loose(400g) ,3.5,4.69,,0
8.94119E+12,GH SPRING ROLL PASTRY ,1.5,2.49,,0
8.94119E+12,GH LAL SHAG ,1.99,2.99,,0
8.94119E+12,GH SAAG ,1.49,2.29,,0
8.94119E+12,MR COOKIE FAMILY 250 GR ,1.5,2.99,,0
8.9412E+12,FB LAL SHAK,2.25,3.99,,0
8.9412E+12,AMINA KOI FISH BHUNA,5,6.99,,0
8.9412E+12,FB SHREDDED COCONUT,2.25,2.99,,0
8.9412E+12,HABBI MANGO JUICE 1000ML ,1.5,2.29,,0
8.9412E+12,SHAD BROKEN RICE,5,6.99,,0
8.961E+12,MARHABA KEWRA WATER ,1.46,1.99,,0
8.961E+12,BAKERI COCO ,0.87,1.29,,0
8.961E+12,BAKERI BISTIKS ,0.88,1.29,,0
8.96101E+12,NESTLE MILK POWDR 350G ,5.21,6.99,,0
8.96101E+12,NESTLE MILK PDR 850G ,10.41,12.99,,0
8.9611E+12,KHUSHVU RICE 20LBS ,21.99,28.99,,0
8.96376E+12,Keski Block 400g (Tiger) ,2.75,3.99,,0
8.964E+12,VITAL TEA GREEN TEA ,3.75,4.49,,0
8.964E+12,FRUITI-O MANGO ,4.33,5.99,,0
8.964E+12,HMDRAD ROOHAFZA ,2.375,3.99,,0
8.964E+12,SAC BIRYANI ,1.75,1.99,,0
8.964E+12,SAC KEWRA ,1.75,1.99,,0
8.964E+12,SAC KORMA ,1.75,1.99,,0
8.964E+12,SAC MANGO ,1.75,1.99,,0
8.964E+12,SAC STRAWBERRY ,1.75,1.99,,0
8.964E+12,PAKOLA ,0.67,0.99,,0
8.964E+12,PAKOLA APPLE ,0.66,0.99,,0
8.964E+12,GLUCO ,0.66,0.99,,0
8.964E+12,VITAL FRIED ONION ,2.75,3.99,,0
8.964E+12,pheny,1.5,2.99,,0
8.964E+12,FRUITI-O LYCHEE ,4.34,5.99,,0
8.964E+12,JJ FRIED ONION ,1.95,2.99,,0
8.964E+12,VITAL KASMIRI TEA ,2.86,3.99,,0
8.964E+12,VITAL LEMON GRASS TEA JAR ,3.18,4.99,,0
8.964E+12,JJ PHENI ,2,2.99,,0
8.964E+12,JJ TEA RUSK ,1.63,2.79,,0
8.964E+12,JJ FALOODA MIX ,2,2.99,,0
8.964E+12,JJ FALOODA MIX RABRI ,2,2.99,,0
8.964E+12,JJ PUDDING MIX ,0.95,1.49,,0
9.55607E+12,KAWAN PLAIN PARATHA,9.38,11.99,,0
9.55659E+12,KAWAN CHAPATTI ,1.83,2.79,,0
9.55659E+12,KAwan patatha sm ,1.7,2.79,,0
9.57572E+12,NAZIRSHAIL PERBOILED RICE 20 L ,15,19.99,,0
9.71799E+12,Curd Deshi Doi (BK) ,9.5,12.99,,0
9.7885E+12,NATURE WHEAT FLOUR ,3.19,4.99,,0
9.78851E+12,NATURE WHEAT FLOUR 5 LB ,7.19,10.99,,0
9.78854E+12,NATURE WHEAT ,9.69,14.99,,0
